interaction_id,customer_id,campaign_id,interaction_date,clicked,converted,revenue_generated
INT_00001,CUST_0086,CAMP_003,2025-09-10,0,1,245.05
INT_00002,CUST_0356,CAMP_005,2025-03-13,0,0,394.48
INT_00003,CUST_0154,CAMP_010,2025-10-19,0,0,342.68
INT_00004,CUST_0463,CAMP_010,2024-10-09,0,0,278.95
INT_00005,CUST_0015,CAMP_002,2025-07-20,1,0,217.71
INT_00006,CUST_0024,CAMP_003,2025-10-21,0,0,174.09
INT_00007,CUST_0167,CAMP_006,2024-09-30,0,0,12.65
INT_00008,CUST_0408,CAMP_002,2025-08-11,0,0,182.84
INT_00009,CUST_0029,CAMP_004,2025-08-03,0,1,233.04
INT_00010,CUST_0151,CAMP_005,2025-05-31,1,0,335.02
INT_00011,CUST_0184,CAMP_002,2025-10-27,0,1,364.25
INT_00012,CUST_0192,CAMP_003,2024-09-25,1,0,106.89
INT_00013,CUST_0221,CAMP_006,2026-03-12,0,0,279.9
INT_00014,CUST_0075,CAMP_003,2024-06-08,1,0,498.95
INT_00015,CUST_0126,CAMP_009,2025-07-27,1,0,469.7
INT_00016,CUST_0272,CAMP_007,2025-06-08,0,0,191.23
INT_00017,CUST_0211,CAMP_007,2025-06-21,1,1,89.5
INT_00018,CUST_0290,CAMP_010,2026-04-26,1,0,373.81
INT_00019,CUST_0350,CAMP_003,2025-09-17,1,0,5.34
INT_00020,CUST_0406,CAMP_010,2025-03-01,0,0,221.04
INT_00021,CUST_0093,CAMP_007,2025-04-13,0,0,263.0
INT_00022,CUST_0088,CAMP_007,2025-01-28,0,1,2.81
INT_00023,CUST_0090,CAMP_003,2025-12-24,0,0,155.2
INT_00024,CUST_0041,CAMP_008,2025-02-12,0,0,47.05
INT_00025,CUST_0313,CAMP_009,2026-03-05,1,0,184.43
INT_00026,CUST_0446,CAMP_003,2025-05-05,0,1,126.88
INT_00027,CUST_0196,CAMP_009,2026-03-22,1,1,460.78
INT_00028,CUST_0318,CAMP_003,2026-05-31,1,0,303.39
INT_00029,CUST_0350,CAMP_008,2025-03-17,0,0,16.76
INT_00030,CUST_0124,CAMP_005,2024-12-18,0,0,137.48
INT_00031,CUST_0255,CAMP_003,2026-01-13,0,0,239.37
INT_00032,CUST_0468,CAMP_003,2025-10-02,0,0,21.96
INT_00033,CUST_0299,CAMP_006,2025-07-29,0,0,347.75
INT_00034,CUST_0074,CAMP_008,2025-10-09,1,0,126.52
INT_00035,CUST_0119,CAMP_010,2025-01-15,1,1,312.64
INT_00036,CUST_0237,CAMP_001,2024-08-25,1,0,485.57
INT_00037,CUST_0327,CAMP_006,2025-06-29,1,0,411.66
INT_00038,CUST_0131,CAMP_001,2026-05-11,0,0,431.59
INT_00039,CUST_0236,CAMP_008,2026-04-15,1,0,463.79
INT_00040,CUST_0131,CAMP_003,2024-10-19,1,0,498.62
INT_00041,CUST_0342,CAMP_004,2026-03-21,0,1,316.12
INT_00042,CUST_0005,CAMP_007,2024-11-21,1,0,245.15
INT_00043,CUST_0461,CAMP_009,2025-10-31,1,0,236.72
INT_00044,CUST_0412,CAMP_009,2025-10-03,1,0,437.47
INT_00045,CUST_0239,CAMP_008,2026-02-26,0,1,375.29
INT_00046,CUST_0462,CAMP_007,2026-04-01,0,0,403.72
INT_00047,CUST_0148,CAMP_008,2025-12-02,1,0,19.1
INT_00048,CUST_0347,CAMP_007,2025-09-20,1,0,14.42
INT_00049,CUST_0280,CAMP_008,2025-04-17,0,1,447.13
INT_00050,CUST_0081,CAMP_008,2025-06-07,0,0,76.6
INT_00051,CUST_0038,CAMP_003,2025-11-07,1,0,368.1
INT_00052,CUST_0227,CAMP_002,2025-01-25,0,0,435.46
INT_00053,CUST_0484,CAMP_010,2025-07-10,1,0,65.82
INT_00054,CUST_0177,CAMP_001,2026-02-25,0,0,209.79
INT_00055,CUST_0301,CAMP_004,2024-09-01,0,1,422.9
INT_00056,CUST_0154,CAMP_005,2025-01-09,1,0,28.02
INT_00057,CUST_0328,CAMP_001,2025-05-14,1,0,318.74
INT_00058,CUST_0493,CAMP_005,2025-02-25,1,0,31.16
INT_00059,CUST_0218,CAMP_004,2024-10-16,1,0,48.74
INT_00060,CUST_0354,CAMP_009,2025-02-28,1,0,272.04
INT_00061,CUST_0129,CAMP_005,2025-06-26,1,0,491.7
INT_00062,CUST_0234,CAMP_003,2024-09-05,0,0,97.09
INT_00063,CUST_0433,CAMP_008,2024-12-28,1,0,307.0
INT_00064,CUST_0155,CAMP_010,2024-12-16,1,0,8.34
INT_00065,CUST_0102,CAMP_008,2025-01-06,0,0,418.64
INT_00066,CUST_0197,CAMP_009,2026-04-29,0,1,424.12
INT_00067,CUST_0437,CAMP_009,2025-04-07,1,0,158.24
INT_00068,CUST_0248,CAMP_002,2024-07-17,1,0,354.65
INT_00069,CUST_0055,CAMP_010,2025-03-10,0,1,452.86
INT_00070,CUST_0122,CAMP_002,2024-11-17,0,0,293.42
INT_00071,CUST_0196,CAMP_005,2024-12-11,0,0,472.15
INT_00072,CUST_0293,CAMP_009,2024-12-09,0,1,258.17
INT_00073,CUST_0184,CAMP_006,2025-07-16,1,0,470.27
INT_00074,CUST_0295,CAMP_009,2024-10-25,1,0,201.59
INT_00075,CUST_0152,CAMP_001,2025-04-23,1,0,418.86
INT_00076,CUST_0359,CAMP_008,2025-12-07,1,0,334.82
INT_00077,CUST_0152,CAMP_009,2025-09-11,0,0,32.48
INT_00078,CUST_0012,CAMP_004,2025-09-12,0,0,412.52
INT_00079,CUST_0425,CAMP_007,2026-03-29,1,0,250.76
INT_00080,CUST_0338,CAMP_002,2024-09-22,0,0,364.48
INT_00081,CUST_0203,CAMP_004,2024-09-20,1,0,41.98
INT_00082,CUST_0141,CAMP_005,2025-01-31,0,0,221.7
INT_00083,CUST_0005,CAMP_001,2024-11-06,1,0,137.76
INT_00084,CUST_0290,CAMP_008,2025-10-01,1,1,99.34
INT_00085,CUST_0443,CAMP_005,2024-09-18,0,1,252.73
INT_00086,CUST_0352,CAMP_006,2026-03-02,0,0,86.48
INT_00087,CUST_0399,CAMP_002,2024-11-09,0,0,373.41
INT_00088,CUST_0382,CAMP_008,2025-03-17,0,0,418.93
INT_00089,CUST_0499,CAMP_002,2025-04-05,1,0,1.61
INT_00090,CUST_0026,CAMP_004,2025-08-28,1,1,136.88
INT_00091,CUST_0467,CAMP_004,2026-05-29,0,0,175.34
INT_00092,CUST_0311,CAMP_010,2025-07-02,1,0,170.73
INT_00093,CUST_0382,CAMP_006,2026-01-23,0,0,284.09
INT_00094,CUST_0255,CAMP_010,2024-07-07,1,0,348.15
INT_00095,CUST_0427,CAMP_007,2025-09-30,1,1,283.09
INT_00096,CUST_0463,CAMP_003,2025-08-03,0,0,231.5
INT_00097,CUST_0463,CAMP_010,2026-04-22,0,0,58.13
INT_00098,CUST_0147,CAMP_003,2025-04-23,1,1,45.28
INT_00099,CUST_0398,CAMP_004,2026-05-22,0,0,364.78
INT_00100,CUST_0410,CAMP_004,2024-07-11,0,0,92.83
INT_00101,CUST_0118,CAMP_001,2024-07-21,0,1,295.57
INT_00102,CUST_0311,CAMP_010,2025-07-09,0,1,482.88
INT_00103,CUST_0411,CAMP_006,2025-02-21,0,0,383.36
INT_00104,CUST_0181,CAMP_009,2025-11-24,1,1,394.37
INT_00105,CUST_0113,CAMP_005,2025-12-27,1,1,108.76
INT_00106,CUST_0326,CAMP_010,2025-10-12,1,1,187.26
INT_00107,CUST_0098,CAMP_009,2024-08-04,1,1,40.64
INT_00108,CUST_0318,CAMP_003,2024-10-12,1,0,362.14
INT_00109,CUST_0129,CAMP_006,2024-10-10,0,1,123.37
INT_00110,CUST_0348,CAMP_005,2025-12-27,0,0,418.65
INT_00111,CUST_0387,CAMP_005,2026-05-07,0,1,321.16
INT_00112,CUST_0370,CAMP_010,2024-08-14,0,1,450.74
INT_00113,CUST_0393,CAMP_005,2024-10-08,0,0,95.54
INT_00114,CUST_0338,CAMP_009,2026-01-13,1,0,377.92
INT_00115,CUST_0349,CAMP_002,2024-12-24,0,0,66.37
INT_00116,CUST_0430,CAMP_003,2026-01-15,1,0,26.67
INT_00117,CUST_0071,CAMP_007,2025-02-14,1,0,352.96
INT_00118,CUST_0322,CAMP_001,2024-07-01,1,1,89.0
INT_00119,CUST_0050,CAMP_005,2025-12-24,0,1,70.21
INT_00120,CUST_0463,CAMP_003,2025-01-27,1,0,157.77
INT_00121,CUST_0322,CAMP_003,2025-07-03,0,1,112.98
INT_00122,CUST_0331,CAMP_004,2024-07-24,0,0,94.12
INT_00123,CUST_0021,CAMP_003,2025-06-14,1,1,441.78
INT_00124,CUST_0159,CAMP_006,2025-12-20,1,1,88.56
INT_00125,CUST_0404,CAMP_004,2025-07-29,1,0,147.47
INT_00126,CUST_0226,CAMP_007,2024-10-10,1,0,348.78
INT_00127,CUST_0018,CAMP_008,2025-04-18,0,0,132.27
INT_00128,CUST_0297,CAMP_003,2026-05-13,0,1,244.94
INT_00129,CUST_0187,CAMP_010,2025-01-24,0,0,289.35
INT_00130,CUST_0375,CAMP_005,2024-09-23,1,0,174.43
INT_00131,CUST_0068,CAMP_007,2025-09-23,0,0,320.91
INT_00132,CUST_0047,CAMP_007,2025-05-30,0,0,224.84
INT_00133,CUST_0466,CAMP_008,2025-05-08,0,0,315.51
INT_00134,CUST_0152,CAMP_002,2026-01-07,0,0,415.87
INT_00135,CUST_0168,CAMP_002,2024-06-28,0,1,18.37
INT_00136,CUST_0383,CAMP_007,2025-11-01,1,1,417.36
INT_00137,CUST_0213,CAMP_009,2025-06-01,0,1,192.84
INT_00138,CUST_0090,CAMP_005,2026-05-19,0,1,268.97
INT_00139,CUST_0103,CAMP_006,2024-12-22,0,0,105.33
INT_00140,CUST_0068,CAMP_008,2025-06-05,1,1,351.09
INT_00141,CUST_0403,CAMP_008,2025-07-11,1,1,173.46
INT_00142,CUST_0277,CAMP_006,2024-06-06,0,0,405.45
INT_00143,CUST_0449,CAMP_010,2024-12-28,0,0,398.14
INT_00144,CUST_0498,CAMP_001,2026-05-02,0,1,103.72
INT_00145,CUST_0188,CAMP_002,2025-10-21,1,0,349.83
INT_00146,CUST_0272,CAMP_008,2024-10-05,0,0,251.88
INT_00147,CUST_0257,CAMP_006,2025-06-23,0,1,414.93
INT_00148,CUST_0468,CAMP_002,2025-09-24,1,0,397.15
INT_00149,CUST_0140,CAMP_009,2025-01-09,0,0,45.38
INT_00150,CUST_0426,CAMP_007,2026-04-16,1,1,386.7
INT_00151,CUST_0085,CAMP_004,2026-01-30,1,0,129.11
INT_00152,CUST_0132,CAMP_007,2024-10-12,0,0,233.84
INT_00153,CUST_0468,CAMP_004,2024-08-11,0,1,15.72
INT_00154,CUST_0423,CAMP_008,2025-12-29,1,0,57.65
INT_00155,CUST_0484,CAMP_005,2026-02-19,1,0,329.17
INT_00156,CUST_0247,CAMP_006,2025-01-28,1,1,93.21
INT_00157,CUST_0496,CAMP_005,2025-04-07,1,1,69.91
INT_00158,CUST_0413,CAMP_006,2024-07-21,0,0,293.41
INT_00159,CUST_0152,CAMP_009,2025-06-16,1,0,186.14
INT_00160,CUST_0383,CAMP_010,2026-04-27,0,1,188.96
INT_00161,CUST_0446,CAMP_003,2024-08-31,1,0,294.2
INT_00162,CUST_0174,CAMP_010,2025-10-10,1,0,16.92
INT_00163,CUST_0412,CAMP_008,2025-09-20,0,0,350.64
INT_00164,CUST_0059,CAMP_006,2025-09-04,0,0,314.74
INT_00165,CUST_0240,CAMP_001,2024-06-19,1,0,434.66
INT_00166,CUST_0494,CAMP_001,2025-03-04,1,1,3.95
INT_00167,CUST_0039,CAMP_002,2025-08-22,1,0,210.7
INT_00168,CUST_0073,CAMP_008,2025-05-21,0,0,167.36
INT_00169,CUST_0387,CAMP_001,2025-05-07,0,0,323.94
INT_00170,CUST_0495,CAMP_002,2025-05-05,0,0,50.1
INT_00171,CUST_0116,CAMP_003,2026-01-12,0,0,456.57
INT_00172,CUST_0441,CAMP_008,2025-09-05,0,0,153.14
INT_00173,CUST_0347,CAMP_008,2025-12-13,1,0,233.42
INT_00174,CUST_0371,CAMP_001,2024-10-11,1,1,93.08
INT_00175,CUST_0346,CAMP_007,2025-09-09,1,1,10.87
INT_00176,CUST_0204,CAMP_004,2025-02-27,1,0,404.61
INT_00177,CUST_0496,CAMP_003,2026-01-18,1,0,228.22
INT_00178,CUST_0434,CAMP_005,2024-06-17,1,1,287.98
INT_00179,CUST_0412,CAMP_003,2025-05-31,0,0,217.48
INT_00180,CUST_0286,CAMP_005,2024-07-09,1,1,199.67
INT_00181,CUST_0188,CAMP_002,2024-07-12,1,0,417.05
INT_00182,CUST_0047,CAMP_006,2025-08-24,1,0,126.29
INT_00183,CUST_0405,CAMP_005,2026-04-24,0,1,186.61
INT_00184,CUST_0203,CAMP_002,2025-02-14,0,0,168.94
INT_00185,CUST_0008,CAMP_006,2025-10-20,1,1,339.28
INT_00186,CUST_0136,CAMP_003,2024-09-04,0,0,150.09
INT_00187,CUST_0275,CAMP_001,2024-10-29,0,0,485.38
INT_00188,CUST_0064,CAMP_007,2026-04-28,0,0,438.72
INT_00189,CUST_0233,CAMP_005,2026-02-05,0,0,381.59
INT_00190,CUST_0189,CAMP_004,2025-07-30,1,0,450.43
INT_00191,CUST_0345,CAMP_007,2024-11-27,0,0,253.48
INT_00192,CUST_0384,CAMP_002,2025-02-18,0,1,210.49
INT_00193,CUST_0345,CAMP_002,2024-09-24,1,0,387.04
INT_00194,CUST_0135,CAMP_001,2026-05-28,1,0,476.99
INT_00195,CUST_0300,CAMP_004,2024-08-29,0,0,200.38
INT_00196,CUST_0196,CAMP_008,2024-08-17,1,1,14.28
INT_00197,CUST_0422,CAMP_002,2026-04-07,1,0,256.1
INT_00198,CUST_0327,CAMP_003,2025-02-06,0,0,461.18
INT_00199,CUST_0482,CAMP_010,2026-01-23,0,0,443.3
INT_00200,CUST_0191,CAMP_004,2025-08-09,0,1,482.62
INT_00201,CUST_0056,CAMP_009,2024-10-02,1,1,471.42
INT_00202,CUST_0346,CAMP_008,2026-05-02,1,0,99.23
INT_00203,CUST_0120,CAMP_001,2024-07-17,0,1,486.21
INT_00204,CUST_0242,CAMP_001,2025-11-06,1,0,375.93
INT_00205,CUST_0013,CAMP_006,2025-06-15,1,0,64.95
INT_00206,CUST_0318,CAMP_002,2025-02-21,1,0,166.57
INT_00207,CUST_0453,CAMP_007,2026-02-03,0,0,479.96
INT_00208,CUST_0483,CAMP_003,2026-01-16,0,0,485.16
INT_00209,CUST_0288,CAMP_008,2024-08-28,1,0,154.64
INT_00210,CUST_0168,CAMP_002,2025-12-06,1,1,382.91
INT_00211,CUST_0469,CAMP_004,2025-03-08,1,0,400.74
INT_00212,CUST_0313,CAMP_007,2025-01-01,0,0,229.36
INT_00213,CUST_0114,CAMP_002,2025-02-09,0,1,82.67
INT_00214,CUST_0332,CAMP_002,2025-09-16,0,0,0.42
INT_00215,CUST_0033,CAMP_002,2025-10-25,1,0,73.75
INT_00216,CUST_0326,CAMP_006,2026-05-09,1,0,441.48
INT_00217,CUST_0422,CAMP_006,2025-03-07,1,0,150.64
INT_00218,CUST_0238,CAMP_005,2024-08-20,1,0,40.19
INT_00219,CUST_0466,CAMP_003,2025-11-21,0,0,118.09
INT_00220,CUST_0359,CAMP_007,2026-02-28,0,0,101.66
INT_00221,CUST_0155,CAMP_003,2024-10-29,1,1,45.08
INT_00222,CUST_0333,CAMP_003,2025-02-28,0,1,122.37
INT_00223,CUST_0210,CAMP_002,2026-03-04,1,0,342.36
INT_00224,CUST_0060,CAMP_009,2025-07-30,1,0,422.83
INT_00225,CUST_0072,CAMP_010,2026-04-16,1,0,187.13
INT_00226,CUST_0024,CAMP_001,2026-03-27,1,0,238.67
INT_00227,CUST_0485,CAMP_010,2026-05-14,0,0,172.36
INT_00228,CUST_0020,CAMP_003,2024-10-30,1,1,235.4
INT_00229,CUST_0156,CAMP_008,2025-09-12,1,0,343.39
INT_00230,CUST_0253,CAMP_006,2025-03-11,0,0,349.39
INT_00231,CUST_0060,CAMP_004,2025-05-21,0,0,456.42
INT_00232,CUST_0050,CAMP_003,2025-06-24,1,0,334.22
INT_00233,CUST_0121,CAMP_007,2024-06-29,1,0,415.67
INT_00234,CUST_0455,CAMP_010,2025-10-13,0,0,353.11
INT_00235,CUST_0276,CAMP_008,2024-08-20,0,1,381.53
INT_00236,CUST_0070,CAMP_004,2026-01-28,1,1,47.91
INT_00237,CUST_0199,CAMP_002,2024-11-16,0,0,64.25
INT_00238,CUST_0233,CAMP_002,2025-04-30,1,0,381.52
INT_00239,CUST_0190,CAMP_003,2024-06-27,1,0,66.76
INT_00240,CUST_0344,CAMP_002,2025-11-28,0,0,386.63
INT_00241,CUST_0487,CAMP_010,2026-05-17,1,0,449.01
INT_00242,CUST_0381,CAMP_007,2024-09-09,0,0,409.9
INT_00243,CUST_0357,CAMP_006,2026-03-11,0,0,365.19
INT_00244,CUST_0485,CAMP_007,2025-09-12,1,0,212.3
INT_00245,CUST_0277,CAMP_006,2024-12-17,1,0,196.93
INT_00246,CUST_0215,CAMP_003,2024-07-30,0,1,35.83
INT_00247,CUST_0301,CAMP_004,2025-12-30,1,0,244.15
INT_00248,CUST_0381,CAMP_005,2025-03-24,1,1,370.21
INT_00249,CUST_0373,CAMP_002,2024-09-26,0,1,293.21
INT_00250,CUST_0080,CAMP_004,2024-11-01,1,0,110.85
INT_00251,CUST_0454,CAMP_009,2024-12-16,0,1,304.26
INT_00252,CUST_0213,CAMP_010,2025-05-16,1,0,383.92
INT_00253,CUST_0336,CAMP_010,2024-11-29,1,0,184.57
INT_00254,CUST_0051,CAMP_010,2025-09-07,1,0,169.93
INT_00255,CUST_0427,CAMP_005,2026-04-27,0,0,411.62
INT_00256,CUST_0251,CAMP_001,2026-01-07,1,0,305.28
INT_00257,CUST_0316,CAMP_005,2024-08-05,0,0,375.84
INT_00258,CUST_0209,CAMP_004,2025-12-04,0,1,457.29
INT_00259,CUST_0481,CAMP_009,2025-07-03,1,1,322.79
INT_00260,CUST_0488,CAMP_010,2024-09-12,0,0,69.04
INT_00261,CUST_0144,CAMP_009,2025-10-21,0,0,93.99
INT_00262,CUST_0017,CAMP_004,2025-11-27,0,0,105.62
INT_00263,CUST_0354,CAMP_007,2025-08-28,1,0,217.7
INT_00264,CUST_0190,CAMP_005,2025-12-07,0,0,169.79
INT_00265,CUST_0112,CAMP_001,2026-03-02,1,1,327.02
INT_00266,CUST_0228,CAMP_004,2026-03-03,0,1,212.86
INT_00267,CUST_0228,CAMP_008,2025-01-19,0,0,142.48
INT_00268,CUST_0487,CAMP_007,2025-02-24,1,0,193.41
INT_00269,CUST_0121,CAMP_002,2025-04-01,1,0,410.64
INT_00270,CUST_0438,CAMP_004,2026-02-14,1,0,17.41
INT_00271,CUST_0186,CAMP_008,2025-07-03,1,0,479.26
INT_00272,CUST_0051,CAMP_010,2024-09-10,0,0,210.87
INT_00273,CUST_0352,CAMP_002,2026-03-25,0,1,81.77
INT_00274,CUST_0189,CAMP_009,2024-09-12,0,1,341.17
INT_00275,CUST_0279,CAMP_001,2025-07-18,0,1,417.12
INT_00276,CUST_0462,CAMP_006,2025-07-14,0,0,232.46
INT_00277,CUST_0331,CAMP_006,2025-06-18,1,0,41.32
INT_00278,CUST_0184,CAMP_003,2025-04-19,1,0,343.03
INT_00279,CUST_0032,CAMP_007,2025-10-01,0,0,50.7
INT_00280,CUST_0204,CAMP_010,2024-07-05,0,0,431.23
INT_00281,CUST_0142,CAMP_007,2025-04-11,1,0,401.78
INT_00282,CUST_0098,CAMP_006,2025-09-23,0,0,6.11
INT_00283,CUST_0496,CAMP_009,2026-02-25,0,1,159.51
INT_00284,CUST_0063,CAMP_003,2025-04-30,1,0,287.34
INT_00285,CUST_0486,CAMP_008,2025-08-01,1,1,192.0
INT_00286,CUST_0435,CAMP_002,2026-05-29,0,1,227.35
INT_00287,CUST_0422,CAMP_001,2024-11-07,0,0,243.07
INT_00288,CUST_0233,CAMP_010,2024-06-08,1,0,479.96
INT_00289,CUST_0047,CAMP_002,2025-02-13,0,1,200.85
INT_00290,CUST_0340,CAMP_001,2025-06-14,1,1,385.68
INT_00291,CUST_0109,CAMP_005,2024-09-01,0,0,151.48
INT_00292,CUST_0329,CAMP_004,2024-10-09,1,1,129.32
INT_00293,CUST_0328,CAMP_001,2024-07-27,0,0,317.06
INT_00294,CUST_0306,CAMP_001,2025-09-23,0,0,301.82
INT_00295,CUST_0498,CAMP_007,2026-04-20,1,0,401.21
INT_00296,CUST_0011,CAMP_009,2024-08-13,1,0,225.13
INT_00297,CUST_0026,CAMP_005,2024-07-16,1,0,186.41
INT_00298,CUST_0403,CAMP_009,2025-05-13,1,1,236.77
INT_00299,CUST_0171,CAMP_007,2024-08-22,0,0,167.53
INT_00300,CUST_0125,CAMP_007,2026-01-29,1,0,267.51
INT_00301,CUST_0065,CAMP_007,2025-07-01,0,1,182.43
INT_00302,CUST_0403,CAMP_002,2025-06-28,0,0,392.75
INT_00303,CUST_0290,CAMP_009,2024-05-31,1,1,490.37
INT_00304,CUST_0106,CAMP_009,2025-10-15,0,0,265.86
INT_00305,CUST_0036,CAMP_010,2024-06-27,0,1,191.74
INT_00306,CUST_0425,CAMP_003,2024-12-11,0,0,337.36
INT_00307,CUST_0392,CAMP_005,2025-10-23,0,0,75.19
INT_00308,CUST_0284,CAMP_002,2024-08-30,1,0,168.56
INT_00309,CUST_0107,CAMP_005,2026-05-29,1,0,467.09
INT_00310,CUST_0301,CAMP_002,2026-01-04,1,0,295.08
INT_00311,CUST_0111,CAMP_009,2025-11-16,0,0,98.81
INT_00312,CUST_0417,CAMP_004,2025-02-18,1,1,406.42
INT_00313,CUST_0446,CAMP_003,2024-09-18,0,0,363.81
INT_00314,CUST_0120,CAMP_009,2026-03-22,0,0,227.49
INT_00315,CUST_0169,CAMP_006,2025-11-07,0,0,24.27
INT_00316,CUST_0397,CAMP_007,2025-01-28,1,1,140.86
INT_00317,CUST_0076,CAMP_010,2026-05-22,1,0,60.78
INT_00318,CUST_0404,CAMP_002,2025-11-12,1,0,244.81
INT_00319,CUST_0462,CAMP_005,2026-02-07,0,0,183.55
INT_00320,CUST_0306,CAMP_007,2024-07-08,0,1,444.58
INT_00321,CUST_0002,CAMP_004,2025-08-21,0,0,343.19
INT_00322,CUST_0142,CAMP_001,2024-12-24,1,0,126.16
INT_00323,CUST_0440,CAMP_004,2024-11-05,0,1,168.73
INT_00324,CUST_0075,CAMP_002,2025-09-14,0,0,148.07
INT_00325,CUST_0067,CAMP_007,2026-05-28,1,0,409.58
INT_00326,CUST_0277,CAMP_002,2025-04-27,0,0,271.37
INT_00327,CUST_0129,CAMP_008,2025-03-20,0,0,89.36
INT_00328,CUST_0409,CAMP_010,2024-09-11,1,0,178.44
INT_00329,CUST_0090,CAMP_010,2024-09-24,1,1,8.76
INT_00330,CUST_0057,CAMP_001,2025-06-24,0,1,162.32
INT_00331,CUST_0339,CAMP_005,2025-10-31,1,1,317.99
INT_00332,CUST_0444,CAMP_003,2025-11-24,1,0,297.89
INT_00333,CUST_0014,CAMP_002,2025-06-21,1,0,178.62
INT_00334,CUST_0068,CAMP_001,2024-07-24,1,0,18.31
INT_00335,CUST_0008,CAMP_003,2025-09-16,0,0,369.34
INT_00336,CUST_0184,CAMP_001,2026-05-21,0,0,124.31
INT_00337,CUST_0405,CAMP_003,2024-06-21,1,0,42.02
INT_00338,CUST_0404,CAMP_008,2026-04-30,0,0,47.29
INT_00339,CUST_0122,CAMP_006,2024-11-20,0,0,363.39
INT_00340,CUST_0302,CAMP_009,2025-07-10,1,0,316.46
INT_00341,CUST_0166,CAMP_009,2025-10-19,0,0,215.55
INT_00342,CUST_0009,CAMP_005,2024-06-17,1,0,137.35
INT_00343,CUST_0090,CAMP_003,2025-12-09,1,0,485.93
INT_00344,CUST_0136,CAMP_006,2025-12-26,1,0,344.5
INT_00345,CUST_0027,CAMP_003,2025-05-24,1,0,122.05
INT_00346,CUST_0065,CAMP_005,2025-04-02,0,1,412.79
INT_00347,CUST_0380,CAMP_002,2025-02-20,0,0,417.46
INT_00348,CUST_0216,CAMP_001,2024-11-29,0,0,366.34
INT_00349,CUST_0270,CAMP_006,2024-07-27,1,0,261.78
INT_00350,CUST_0059,CAMP_007,2025-01-30,1,0,229.21
INT_00351,CUST_0382,CAMP_005,2025-11-17,1,1,38.27
INT_00352,CUST_0033,CAMP_009,2025-09-22,0,1,186.4
INT_00353,CUST_0244,CAMP_002,2025-12-16,1,0,73.38
INT_00354,CUST_0230,CAMP_005,2025-12-11,1,0,488.42
INT_00355,CUST_0399,CAMP_010,2026-02-24,1,0,318.91
INT_00356,CUST_0186,CAMP_002,2025-12-20,1,0,441.02
INT_00357,CUST_0263,CAMP_008,2025-05-27,0,0,190.96
INT_00358,CUST_0304,CAMP_008,2026-02-25,0,1,490.13
INT_00359,CUST_0056,CAMP_009,2024-11-07,1,0,39.38
INT_00360,CUST_0232,CAMP_006,2024-06-15,0,1,463.72
INT_00361,CUST_0258,CAMP_001,2026-03-03,1,0,374.63
INT_00362,CUST_0114,CAMP_008,2025-02-01,1,0,211.26
INT_00363,CUST_0485,CAMP_010,2025-10-21,1,0,11.19
INT_00364,CUST_0315,CAMP_003,2025-05-03,0,0,475.18
INT_00365,CUST_0023,CAMP_006,2025-09-15,1,1,128.43
INT_00366,CUST_0373,CAMP_003,2026-02-02,1,1,326.45
INT_00367,CUST_0402,CAMP_005,2025-07-05,0,0,441.46
INT_00368,CUST_0466,CAMP_002,2025-11-28,0,0,418.43
INT_00369,CUST_0444,CAMP_010,2025-05-07,1,0,216.72
INT_00370,CUST_0338,CAMP_002,2025-07-19,0,0,58.21
INT_00371,CUST_0267,CAMP_004,2026-05-14,1,0,95.82
INT_00372,CUST_0155,CAMP_009,2024-08-27,0,0,130.49
INT_00373,CUST_0235,CAMP_001,2025-12-13,1,0,151.6
INT_00374,CUST_0330,CAMP_001,2025-05-27,1,0,257.02
INT_00375,CUST_0494,CAMP_001,2025-03-14,1,1,427.12
INT_00376,CUST_0016,CAMP_004,2025-02-27,1,0,121.88
INT_00377,CUST_0032,CAMP_001,2025-02-13,0,1,399.48
INT_00378,CUST_0246,CAMP_008,2025-11-28,0,0,187.12
INT_00379,CUST_0434,CAMP_006,2026-01-09,0,1,236.46
INT_00380,CUST_0206,CAMP_007,2025-02-22,1,0,380.36
INT_00381,CUST_0219,CAMP_003,2024-07-04,1,0,218.47
INT_00382,CUST_0352,CAMP_003,2026-02-14,0,0,373.43
INT_00383,CUST_0056,CAMP_001,2025-01-10,1,0,389.15
INT_00384,CUST_0252,CAMP_009,2024-10-13,0,0,138.43
INT_00385,CUST_0365,CAMP_007,2024-12-22,1,0,335.72
INT_00386,CUST_0466,CAMP_004,2024-09-25,1,0,302.31
INT_00387,CUST_0228,CAMP_006,2026-05-16,1,1,454.87
INT_00388,CUST_0038,CAMP_004,2024-09-09,0,1,339.1
INT_00389,CUST_0461,CAMP_007,2025-11-27,0,0,136.34
INT_00390,CUST_0042,CAMP_006,2026-02-28,0,0,203.59
INT_00391,CUST_0165,CAMP_005,2024-10-03,1,0,9.36
INT_00392,CUST_0312,CAMP_002,2024-06-20,0,1,207.16
INT_00393,CUST_0076,CAMP_010,2025-03-12,1,0,64.88
INT_00394,CUST_0034,CAMP_006,2025-04-11,1,1,133.53
INT_00395,CUST_0065,CAMP_002,2024-07-04,0,1,299.54
INT_00396,CUST_0141,CAMP_009,2024-07-29,1,0,487.95
INT_00397,CUST_0320,CAMP_001,2026-05-11,0,1,159.08
INT_00398,CUST_0325,CAMP_003,2024-11-11,1,1,110.66
INT_00399,CUST_0300,CAMP_004,2025-01-22,1,0,9.04
INT_00400,CUST_0281,CAMP_009,2025-03-25,0,0,162.3
INT_00401,CUST_0365,CAMP_001,2024-07-18,0,0,31.86
INT_00402,CUST_0167,CAMP_007,2025-11-04,1,0,143.92
INT_00403,CUST_0196,CAMP_002,2026-02-05,1,1,356.02
INT_00404,CUST_0306,CAMP_008,2024-12-31,1,0,413.49
INT_00405,CUST_0272,CAMP_005,2025-08-03,0,0,293.96
INT_00406,CUST_0151,CAMP_005,2025-08-02,0,0,317.39
INT_00407,CUST_0233,CAMP_006,2025-02-21,0,0,164.38
INT_00408,CUST_0259,CAMP_002,2024-10-29,0,0,194.52
INT_00409,CUST_0310,CAMP_009,2024-12-27,0,1,464.94
INT_00410,CUST_0221,CAMP_008,2025-10-29,0,0,6.28
INT_00411,CUST_0051,CAMP_001,2024-11-28,0,0,170.3
INT_00412,CUST_0407,CAMP_006,2025-02-19,1,1,173.18
INT_00413,CUST_0360,CAMP_004,2025-03-02,1,1,222.19
INT_00414,CUST_0059,CAMP_005,2026-04-26,1,0,230.97
INT_00415,CUST_0437,CAMP_010,2024-10-29,1,0,371.29
INT_00416,CUST_0336,CAMP_005,2025-06-15,0,0,105.32
INT_00417,CUST_0334,CAMP_010,2024-11-07,0,0,348.86
INT_00418,CUST_0450,CAMP_004,2024-12-06,1,0,336.49
INT_00419,CUST_0394,CAMP_008,2024-09-11,1,0,127.85
INT_00420,CUST_0283,CAMP_006,2024-08-02,1,0,16.13
INT_00421,CUST_0370,CAMP_010,2025-08-07,1,0,426.15
INT_00422,CUST_0444,CAMP_008,2025-10-24,1,0,483.86
INT_00423,CUST_0111,CAMP_004,2026-04-10,0,1,315.69
INT_00424,CUST_0221,CAMP_009,2025-01-15,0,1,280.66
INT_00425,CUST_0232,CAMP_004,2025-08-24,1,0,172.65
INT_00426,CUST_0455,CAMP_003,2025-04-27,0,0,103.78
INT_00427,CUST_0117,CAMP_001,2024-11-28,1,0,492.43
INT_00428,CUST_0212,CAMP_007,2026-01-27,0,0,184.6
INT_00429,CUST_0174,CAMP_001,2025-03-10,1,1,145.91
INT_00430,CUST_0424,CAMP_004,2025-02-04,0,0,157.67
INT_00431,CUST_0233,CAMP_009,2024-09-10,0,0,337.25
INT_00432,CUST_0205,CAMP_006,2024-12-17,1,0,14.78
INT_00433,CUST_0213,CAMP_001,2025-04-01,0,0,312.43
INT_00434,CUST_0374,CAMP_006,2026-01-09,1,1,83.37
INT_00435,CUST_0049,CAMP_001,2025-01-22,0,0,175.81
INT_00436,CUST_0161,CAMP_007,2025-09-19,0,1,215.77
INT_00437,CUST_0219,CAMP_005,2024-06-20,1,0,497.91
INT_00438,CUST_0161,CAMP_002,2025-10-06,1,0,11.7
INT_00439,CUST_0341,CAMP_004,2026-04-15,1,0,486.68
INT_00440,CUST_0131,CAMP_009,2024-12-06,1,0,278.22
INT_00441,CUST_0192,CAMP_004,2025-01-05,1,1,245.38
INT_00442,CUST_0489,CAMP_007,2025-10-15,1,1,117.36
INT_00443,CUST_0079,CAMP_008,2025-01-10,1,0,460.59
INT_00444,CUST_0352,CAMP_001,2026-02-09,0,0,65.85
INT_00445,CUST_0473,CAMP_003,2025-02-27,0,1,303.56
INT_00446,CUST_0243,CAMP_005,2025-05-06,1,0,424.83
INT_00447,CUST_0035,CAMP_002,2025-04-01,0,1,48.49
INT_00448,CUST_0047,CAMP_001,2024-07-30,0,1,109.15
INT_00449,CUST_0426,CAMP_004,2025-03-24,1,0,496.07
INT_00450,CUST_0044,CAMP_009,2025-01-03,1,1,285.37
INT_00451,CUST_0048,CAMP_007,2026-02-14,1,0,89.31
INT_00452,CUST_0222,CAMP_006,2025-10-24,0,0,79.56
INT_00453,CUST_0050,CAMP_008,2026-04-15,1,0,388.76
INT_00454,CUST_0382,CAMP_002,2026-03-05,0,0,367.23
INT_00455,CUST_0379,CAMP_010,2025-07-10,0,0,200.56
INT_00456,CUST_0191,CAMP_002,2025-10-09,0,0,204.26
INT_00457,CUST_0416,CAMP_009,2024-06-14,0,1,375.64
INT_00458,CUST_0067,CAMP_003,2025-04-05,0,0,209.09
INT_00459,CUST_0285,CAMP_007,2026-03-21,0,0,299.62
INT_00460,CUST_0031,CAMP_002,2024-10-01,1,1,159.7
INT_00461,CUST_0301,CAMP_010,2026-04-04,1,0,181.59
INT_00462,CUST_0490,CAMP_010,2025-11-03,0,0,52.82
INT_00463,CUST_0288,CAMP_001,2025-03-06,0,0,442.38
INT_00464,CUST_0288,CAMP_007,2026-01-31,0,1,480.12
INT_00465,CUST_0169,CAMP_003,2025-05-27,1,1,380.88
INT_00466,CUST_0344,CAMP_004,2024-06-29,1,1,158.89
INT_00467,CUST_0063,CAMP_005,2025-05-01,1,0,267.81
INT_00468,CUST_0211,CAMP_005,2025-12-29,0,0,196.09
INT_00469,CUST_0182,CAMP_006,2026-04-11,1,0,429.53
INT_00470,CUST_0448,CAMP_007,2025-09-08,1,0,247.42
INT_00471,CUST_0341,CAMP_006,2024-11-12,1,0,231.96
INT_00472,CUST_0482,CAMP_006,2025-04-02,1,0,413.07
INT_00473,CUST_0385,CAMP_008,2025-05-07,1,1,224.73
INT_00474,CUST_0217,CAMP_005,2024-12-13,0,0,461.96
INT_00475,CUST_0445,CAMP_004,2025-05-26,0,1,88.81
INT_00476,CUST_0469,CAMP_002,2025-12-26,1,1,144.2
INT_00477,CUST_0370,CAMP_004,2026-01-06,0,0,266.33
INT_00478,CUST_0027,CAMP_003,2025-06-06,1,0,167.03
INT_00479,CUST_0496,CAMP_010,2026-05-09,0,0,232.01
INT_00480,CUST_0148,CAMP_002,2024-07-02,1,0,86.14
INT_00481,CUST_0308,CAMP_003,2025-04-05,1,0,453.64
INT_00482,CUST_0160,CAMP_002,2024-08-04,1,0,191.68
INT_00483,CUST_0181,CAMP_003,2025-08-06,0,0,326.55
INT_00484,CUST_0054,CAMP_008,2025-08-24,0,1,487.12
INT_00485,CUST_0296,CAMP_008,2026-05-10,1,0,205.15
INT_00486,CUST_0260,CAMP_006,2025-10-30,1,0,318.21
INT_00487,CUST_0109,CAMP_007,2026-01-18,0,0,309.44
INT_00488,CUST_0080,CAMP_002,2026-05-26,1,0,69.29
INT_00489,CUST_0337,CAMP_009,2024-09-22,0,0,309.96
INT_00490,CUST_0247,CAMP_006,2025-08-10,0,0,499.45
INT_00491,CUST_0115,CAMP_004,2024-11-27,1,0,299.78
INT_00492,CUST_0434,CAMP_008,2024-11-29,1,0,366.07
INT_00493,CUST_0056,CAMP_005,2026-05-13,0,0,472.74
INT_00494,CUST_0180,CAMP_008,2026-01-12,0,0,162.51
INT_00495,CUST_0433,CAMP_005,2026-05-24,0,0,124.97
INT_00496,CUST_0285,CAMP_002,2024-09-08,1,0,284.65
INT_00497,CUST_0189,CAMP_002,2026-05-31,0,0,235.96
INT_00498,CUST_0059,CAMP_003,2026-02-15,1,0,45.48
INT_00499,CUST_0391,CAMP_005,2024-06-17,0,1,185.15
INT_00500,CUST_0143,CAMP_010,2026-02-04,1,0,371.48
INT_00501,CUST_0294,CAMP_001,2026-04-18,0,0,441.76
INT_00502,CUST_0116,CAMP_004,2024-07-13,1,0,327.06
INT_00503,CUST_0414,CAMP_006,2024-08-09,1,0,276.03
INT_00504,CUST_0220,CAMP_003,2026-01-07,1,0,431.72
INT_00505,CUST_0433,CAMP_002,2024-07-08,1,1,425.15
INT_00506,CUST_0288,CAMP_004,2025-10-27,1,0,80.69
INT_00507,CUST_0499,CAMP_006,2025-01-18,1,1,184.53
INT_00508,CUST_0393,CAMP_007,2025-02-18,1,0,437.33
INT_00509,CUST_0420,CAMP_009,2026-03-01,1,0,87.61
INT_00510,CUST_0319,CAMP_001,2024-06-04,0,0,468.57
INT_00511,CUST_0315,CAMP_005,2025-09-09,0,0,460.69
INT_00512,CUST_0346,CAMP_005,2026-02-20,1,0,161.36
INT_00513,CUST_0330,CAMP_003,2025-08-30,1,0,146.49
INT_00514,CUST_0286,CAMP_001,2026-01-21,0,0,447.22
INT_00515,CUST_0014,CAMP_007,2025-11-03,1,0,103.5
INT_00516,CUST_0312,CAMP_008,2025-03-23,0,0,230.59
INT_00517,CUST_0476,CAMP_009,2025-11-06,0,0,122.52
INT_00518,CUST_0337,CAMP_009,2024-08-14,1,0,301.62
INT_00519,CUST_0425,CAMP_004,2024-08-31,0,0,494.86
INT_00520,CUST_0356,CAMP_002,2025-09-17,1,0,398.38
INT_00521,CUST_0137,CAMP_008,2025-11-19,1,0,486.4
INT_00522,CUST_0015,CAMP_002,2025-09-25,0,0,250.11
INT_00523,CUST_0093,CAMP_003,2025-08-18,0,0,55.58
INT_00524,CUST_0140,CAMP_002,2025-06-02,0,1,302.0
INT_00525,CUST_0360,CAMP_001,2026-01-23,1,0,165.63
INT_00526,CUST_0391,CAMP_001,2024-11-06,1,0,460.08
INT_00527,CUST_0159,CAMP_004,2024-12-07,0,0,79.63
INT_00528,CUST_0472,CAMP_003,2025-12-02,1,1,231.11
INT_00529,CUST_0174,CAMP_004,2024-12-01,1,0,481.24
INT_00530,CUST_0180,CAMP_007,2024-10-19,1,1,3.44
INT_00531,CUST_0004,CAMP_006,2024-12-23,0,1,16.16
INT_00532,CUST_0093,CAMP_002,2025-09-17,0,0,338.44
INT_00533,CUST_0446,CAMP_010,2025-01-09,0,0,433.53
INT_00534,CUST_0074,CAMP_010,2026-01-07,0,1,497.77
INT_00535,CUST_0290,CAMP_005,2026-02-12,1,0,431.08
INT_00536,CUST_0337,CAMP_002,2025-07-10,1,0,35.18
INT_00537,CUST_0206,CAMP_001,2024-10-26,0,0,208.54
INT_00538,CUST_0036,CAMP_002,2024-06-25,1,0,130.01
INT_00539,CUST_0073,CAMP_004,2025-12-04,0,0,357.99
INT_00540,CUST_0380,CAMP_008,2024-11-20,1,0,60.49
INT_00541,CUST_0325,CAMP_003,2025-10-07,0,0,388.3
INT_00542,CUST_0498,CAMP_002,2026-04-23,0,1,323.54
INT_00543,CUST_0016,CAMP_006,2026-01-25,1,0,267.09
INT_00544,CUST_0047,CAMP_002,2025-07-28,0,0,11.86
INT_00545,CUST_0383,CAMP_001,2025-03-09,0,1,240.4
INT_00546,CUST_0272,CAMP_008,2026-01-29,0,1,363.02
INT_00547,CUST_0111,CAMP_001,2025-07-04,1,0,146.48
INT_00548,CUST_0193,CAMP_003,2025-12-12,1,0,199.2
INT_00549,CUST_0215,CAMP_010,2026-05-16,1,0,411.16
INT_00550,CUST_0233,CAMP_007,2025-06-26,0,0,384.38
INT_00551,CUST_0175,CAMP_007,2025-09-06,1,0,181.69
INT_00552,CUST_0081,CAMP_008,2024-07-03,0,0,358.31
INT_00553,CUST_0190,CAMP_001,2025-11-30,0,1,255.78
INT_00554,CUST_0160,CAMP_007,2026-02-27,1,0,324.81
INT_00555,CUST_0370,CAMP_007,2025-02-10,0,0,214.29
INT_00556,CUST_0167,CAMP_003,2026-04-30,1,0,62.03
INT_00557,CUST_0398,CAMP_006,2025-02-10,0,0,72.99
INT_00558,CUST_0483,CAMP_004,2024-12-30,0,0,131.25
INT_00559,CUST_0291,CAMP_003,2026-04-29,0,0,412.61
INT_00560,CUST_0306,CAMP_005,2026-04-01,1,0,376.79
INT_00561,CUST_0044,CAMP_005,2025-04-23,1,0,55.89
INT_00562,CUST_0453,CAMP_008,2025-07-25,1,0,84.48
INT_00563,CUST_0027,CAMP_003,2024-07-31,1,0,206.45
INT_00564,CUST_0080,CAMP_001,2025-07-02,1,0,169.92
INT_00565,CUST_0081,CAMP_010,2025-06-21,0,1,456.49
INT_00566,CUST_0387,CAMP_010,2024-06-04,1,0,397.78
INT_00567,CUST_0317,CAMP_010,2025-04-27,1,1,105.04
INT_00568,CUST_0026,CAMP_004,2025-10-24,1,0,48.56
INT_00569,CUST_0346,CAMP_005,2025-08-13,1,0,321.02
INT_00570,CUST_0042,CAMP_008,2025-01-16,0,0,37.03
INT_00571,CUST_0140,CAMP_007,2025-09-14,1,0,449.6
INT_00572,CUST_0227,CAMP_009,2026-03-30,0,1,245.79
INT_00573,CUST_0339,CAMP_008,2025-04-30,1,0,122.36
INT_00574,CUST_0218,CAMP_001,2025-10-04,1,0,130.0
INT_00575,CUST_0249,CAMP_002,2025-10-13,1,0,147.65
INT_00576,CUST_0311,CAMP_005,2024-11-15,1,0,222.34
INT_00577,CUST_0227,CAMP_007,2026-01-24,0,0,393.69
INT_00578,CUST_0213,CAMP_003,2025-05-23,0,0,349.78
INT_00579,CUST_0140,CAMP_007,2024-09-07,1,0,284.12
INT_00580,CUST_0111,CAMP_004,2024-12-19,1,0,297.21
INT_00581,CUST_0387,CAMP_009,2026-04-07,1,1,380.66
INT_00582,CUST_0263,CAMP_004,2024-11-27,1,0,74.01
INT_00583,CUST_0059,CAMP_009,2025-06-07,1,0,144.22
INT_00584,CUST_0177,CAMP_001,2025-01-08,1,1,110.51
INT_00585,CUST_0221,CAMP_007,2024-10-26,0,1,185.43
INT_00586,CUST_0057,CAMP_006,2026-02-20,1,0,181.36
INT_00587,CUST_0146,CAMP_008,2025-08-07,1,0,145.61
INT_00588,CUST_0348,CAMP_009,2024-07-15,1,0,472.4
INT_00589,CUST_0348,CAMP_008,2025-03-15,0,0,79.15
INT_00590,CUST_0304,CAMP_006,2025-02-21,0,0,316.95
INT_00591,CUST_0250,CAMP_010,2024-12-12,1,0,237.64
INT_00592,CUST_0270,CAMP_009,2025-12-28,0,1,219.93
INT_00593,CUST_0342,CAMP_006,2026-02-18,1,0,147.44
INT_00594,CUST_0158,CAMP_007,2025-12-15,0,0,371.87
INT_00595,CUST_0024,CAMP_005,2024-08-14,0,0,347.54
INT_00596,CUST_0113,CAMP_003,2025-12-29,0,0,73.26
INT_00597,CUST_0203,CAMP_001,2025-12-22,0,1,146.17
INT_00598,CUST_0307,CAMP_006,2025-06-06,1,1,192.11
INT_00599,CUST_0029,CAMP_010,2025-03-17,0,0,318.38
INT_00600,CUST_0004,CAMP_004,2026-01-03,0,1,14.0
INT_00601,CUST_0105,CAMP_001,2025-01-05,1,0,105.83
INT_00602,CUST_0155,CAMP_005,2025-08-03,1,1,151.48
INT_00603,CUST_0485,CAMP_001,2025-12-13,0,0,292.12
INT_00604,CUST_0109,CAMP_008,2025-06-17,1,0,129.71
INT_00605,CUST_0393,CAMP_009,2026-01-25,1,1,360.57
INT_00606,CUST_0071,CAMP_006,2025-08-16,0,0,372.73
INT_00607,CUST_0392,CAMP_010,2026-05-25,0,0,498.06
INT_00608,CUST_0131,CAMP_004,2025-03-14,0,0,202.92
INT_00609,CUST_0149,CAMP_003,2025-11-21,0,0,309.23
INT_00610,CUST_0168,CAMP_002,2024-06-26,0,1,85.21
INT_00611,CUST_0062,CAMP_004,2025-03-24,0,0,172.11
INT_00612,CUST_0004,CAMP_004,2025-07-01,0,0,77.94
INT_00613,CUST_0255,CAMP_005,2025-08-17,0,0,426.31
INT_00614,CUST_0383,CAMP_009,2026-01-06,0,0,157.15
INT_00615,CUST_0221,CAMP_001,2024-08-02,0,0,187.18
INT_00616,CUST_0090,CAMP_004,2025-07-17,1,0,432.7
INT_00617,CUST_0067,CAMP_010,2024-07-23,0,0,242.62
INT_00618,CUST_0195,CAMP_007,2026-02-23,0,0,84.56
INT_00619,CUST_0273,CAMP_006,2024-09-25,0,0,262.62
INT_00620,CUST_0361,CAMP_003,2025-07-03,1,0,87.69
INT_00621,CUST_0118,CAMP_003,2025-06-28,1,1,448.57
INT_00622,CUST_0257,CAMP_004,2026-04-26,1,0,7.12
INT_00623,CUST_0287,CAMP_010,2024-12-12,0,1,473.47
INT_00624,CUST_0427,CAMP_006,2026-02-20,1,0,171.18
INT_00625,CUST_0343,CAMP_006,2025-02-23,1,1,154.65
INT_00626,CUST_0413,CAMP_010,2025-06-02,1,1,112.15
INT_00627,CUST_0182,CAMP_001,2026-01-04,1,0,139.16
INT_00628,CUST_0037,CAMP_006,2025-01-03,1,1,389.01
INT_00629,CUST_0204,CAMP_010,2025-06-10,0,0,394.64
INT_00630,CUST_0442,CAMP_010,2025-03-09,0,0,325.0
INT_00631,CUST_0380,CAMP_003,2024-08-19,1,0,178.25
INT_00632,CUST_0022,CAMP_010,2024-12-21,0,1,229.66
INT_00633,CUST_0224,CAMP_004,2025-02-22,1,0,456.35
INT_00634,CUST_0010,CAMP_008,2025-05-04,1,0,453.15
INT_00635,CUST_0236,CAMP_009,2025-02-18,1,0,419.99
INT_00636,CUST_0472,CAMP_005,2024-09-05,0,1,422.87
INT_00637,CUST_0040,CAMP_003,2024-08-10,1,0,391.54
INT_00638,CUST_0442,CAMP_008,2025-03-21,1,0,262.06
INT_00639,CUST_0161,CAMP_001,2025-02-04,0,0,114.19
INT_00640,CUST_0295,CAMP_002,2024-08-19,1,0,101.26
INT_00641,CUST_0220,CAMP_001,2025-12-25,0,0,332.12
INT_00642,CUST_0294,CAMP_004,2024-07-05,1,0,199.25
INT_00643,CUST_0208,CAMP_010,2026-02-25,0,0,49.42
INT_00644,CUST_0364,CAMP_004,2025-11-09,1,0,164.76
INT_00645,CUST_0328,CAMP_001,2025-07-26,0,1,33.6
INT_00646,CUST_0214,CAMP_009,2025-09-15,1,1,276.64
INT_00647,CUST_0149,CAMP_008,2024-10-08,0,1,267.38
INT_00648,CUST_0059,CAMP_001,2025-07-02,0,0,370.63
INT_00649,CUST_0208,CAMP_006,2025-11-26,1,0,436.31
INT_00650,CUST_0011,CAMP_010,2025-08-28,0,0,485.22
INT_00651,CUST_0495,CAMP_004,2025-10-17,0,0,27.99
INT_00652,CUST_0167,CAMP_003,2025-02-01,1,0,283.35
INT_00653,CUST_0088,CAMP_006,2025-01-13,1,0,123.99
INT_00654,CUST_0411,CAMP_003,2024-06-08,0,0,128.04
INT_00655,CUST_0486,CAMP_006,2025-10-13,0,0,369.72
INT_00656,CUST_0317,CAMP_001,2025-07-29,0,1,344.85
INT_00657,CUST_0236,CAMP_001,2025-10-04,0,0,325.4
INT_00658,CUST_0426,CAMP_003,2025-10-21,1,0,122.54
INT_00659,CUST_0354,CAMP_010,2025-02-11,1,0,344.82
INT_00660,CUST_0471,CAMP_003,2024-07-25,0,0,228.03
INT_00661,CUST_0186,CAMP_002,2026-02-02,1,1,20.12
INT_00662,CUST_0046,CAMP_009,2025-12-20,0,0,304.57
INT_00663,CUST_0224,CAMP_006,2024-11-20,0,0,275.99
INT_00664,CUST_0433,CAMP_002,2024-11-07,0,0,45.68
INT_00665,CUST_0055,CAMP_006,2026-05-15,1,1,95.01
INT_00666,CUST_0125,CAMP_007,2024-10-22,1,1,415.35
INT_00667,CUST_0224,CAMP_010,2024-06-26,0,0,31.83
INT_00668,CUST_0302,CAMP_002,2026-04-30,1,0,451.57
INT_00669,CUST_0206,CAMP_006,2025-11-20,1,0,261.28
INT_00670,CUST_0269,CAMP_005,2026-03-30,0,1,30.43
INT_00671,CUST_0041,CAMP_006,2025-09-28,1,0,113.79
INT_00672,CUST_0203,CAMP_003,2026-04-24,1,0,292.84
INT_00673,CUST_0446,CAMP_003,2024-11-25,1,0,290.64
INT_00674,CUST_0159,CAMP_007,2025-05-26,1,0,232.14
INT_00675,CUST_0382,CAMP_008,2025-04-28,0,0,268.47
INT_00676,CUST_0174,CAMP_006,2024-08-27,0,0,390.71
INT_00677,CUST_0114,CAMP_003,2026-01-20,0,0,159.43
INT_00678,CUST_0171,CAMP_009,2026-04-23,1,1,316.95
INT_00679,CUST_0399,CAMP_010,2025-05-29,1,0,98.21
INT_00680,CUST_0087,CAMP_006,2025-10-02,0,0,58.2
INT_00681,CUST_0040,CAMP_004,2025-08-14,1,0,41.69
INT_00682,CUST_0262,CAMP_010,2026-05-13,1,1,98.7
INT_00683,CUST_0325,CAMP_003,2024-06-19,1,1,271.18
INT_00684,CUST_0059,CAMP_007,2026-04-06,1,0,107.5
INT_00685,CUST_0272,CAMP_005,2025-12-22,0,0,243.62
INT_00686,CUST_0262,CAMP_005,2026-03-28,0,0,284.66
INT_00687,CUST_0100,CAMP_003,2025-05-14,1,1,290.86
INT_00688,CUST_0464,CAMP_003,2025-08-27,1,0,430.57
INT_00689,CUST_0398,CAMP_001,2024-11-15,0,1,55.76
INT_00690,CUST_0179,CAMP_010,2025-09-13,1,0,443.26
INT_00691,CUST_0180,CAMP_007,2024-07-20,1,0,388.7
INT_00692,CUST_0373,CAMP_010,2026-04-24,0,0,97.4
INT_00693,CUST_0491,CAMP_001,2025-08-25,0,0,402.88
INT_00694,CUST_0420,CAMP_003,2024-09-01,0,1,307.21
INT_00695,CUST_0331,CAMP_010,2024-08-01,1,1,228.13
INT_00696,CUST_0418,CAMP_006,2025-05-23,0,0,0.25
INT_00697,CUST_0076,CAMP_010,2025-05-25,1,0,377.28
INT_00698,CUST_0121,CAMP_004,2024-07-07,1,0,300.68
INT_00699,CUST_0053,CAMP_010,2025-01-14,0,1,246.3
INT_00700,CUST_0075,CAMP_002,2025-09-17,1,0,88.27
INT_00701,CUST_0132,CAMP_008,2025-08-21,1,0,253.65
INT_00702,CUST_0102,CAMP_003,2025-12-06,0,0,257.1
INT_00703,CUST_0089,CAMP_006,2024-06-01,1,1,475.72
INT_00704,CUST_0309,CAMP_002,2025-07-16,0,1,149.82
INT_00705,CUST_0079,CAMP_004,2026-03-16,0,0,433.63
INT_00706,CUST_0390,CAMP_006,2024-06-21,0,0,124.51
INT_00707,CUST_0389,CAMP_006,2025-01-06,0,0,137.64
INT_00708,CUST_0336,CAMP_003,2024-12-20,0,1,280.63
INT_00709,CUST_0039,CAMP_002,2024-09-06,0,0,154.4
INT_00710,CUST_0091,CAMP_006,2025-09-21,1,0,220.02
INT_00711,CUST_0488,CAMP_008,2026-04-21,1,0,488.61
INT_00712,CUST_0396,CAMP_001,2026-05-10,0,0,472.85
INT_00713,CUST_0322,CAMP_005,2026-04-25,1,0,243.79
INT_00714,CUST_0253,CAMP_004,2025-03-28,1,0,159.6
INT_00715,CUST_0238,CAMP_004,2024-11-11,1,0,487.18
INT_00716,CUST_0387,CAMP_002,2024-07-27,0,0,235.25
INT_00717,CUST_0289,CAMP_006,2025-02-22,0,1,81.57
INT_00718,CUST_0390,CAMP_005,2024-09-16,1,1,32.78
INT_00719,CUST_0297,CAMP_002,2026-02-17,0,0,216.01
INT_00720,CUST_0230,CAMP_001,2025-12-05,1,0,152.32
INT_00721,CUST_0349,CAMP_001,2025-07-15,0,0,462.65
INT_00722,CUST_0474,CAMP_007,2024-09-16,1,0,221.6
INT_00723,CUST_0452,CAMP_008,2024-06-18,0,1,318.94
INT_00724,CUST_0290,CAMP_007,2024-09-02,0,0,269.3
INT_00725,CUST_0330,CAMP_003,2026-04-24,1,0,91.33
INT_00726,CUST_0326,CAMP_007,2025-09-22,0,1,389.4
INT_00727,CUST_0320,CAMP_008,2025-03-04,0,1,381.43
INT_00728,CUST_0166,CAMP_007,2026-05-14,0,1,106.61
INT_00729,CUST_0443,CAMP_006,2025-07-28,0,0,250.89
INT_00730,CUST_0498,CAMP_009,2025-08-06,0,0,160.01
INT_00731,CUST_0322,CAMP_007,2025-08-17,1,1,265.2
INT_00732,CUST_0162,CAMP_002,2026-05-16,0,1,51.46
INT_00733,CUST_0078,CAMP_008,2025-08-22,1,0,150.03
INT_00734,CUST_0226,CAMP_010,2024-10-03,0,0,304.76
INT_00735,CUST_0035,CAMP_004,2025-12-02,0,0,285.5
INT_00736,CUST_0241,CAMP_003,2025-12-10,0,0,77.3
INT_00737,CUST_0227,CAMP_008,2026-04-15,0,0,78.19
INT_00738,CUST_0324,CAMP_002,2025-01-05,0,0,383.2
INT_00739,CUST_0156,CAMP_001,2025-12-06,0,0,392.91
INT_00740,CUST_0408,CAMP_005,2025-12-08,1,0,426.18
INT_00741,CUST_0141,CAMP_001,2025-07-08,0,0,305.06
INT_00742,CUST_0303,CAMP_006,2025-02-23,1,0,78.57
INT_00743,CUST_0029,CAMP_005,2025-05-05,0,0,478.35
INT_00744,CUST_0181,CAMP_002,2025-02-19,0,1,490.58
INT_00745,CUST_0260,CAMP_002,2025-05-15,0,0,326.75
INT_00746,CUST_0038,CAMP_006,2025-02-13,0,1,394.37
INT_00747,CUST_0159,CAMP_003,2024-07-30,1,1,389.88
INT_00748,CUST_0237,CAMP_007,2024-06-02,0,0,134.69
INT_00749,CUST_0232,CAMP_003,2024-08-05,0,0,466.42
INT_00750,CUST_0020,CAMP_002,2024-06-13,0,1,235.99
INT_00751,CUST_0030,CAMP_009,2025-12-28,1,0,428.12
INT_00752,CUST_0189,CAMP_002,2025-03-03,1,1,151.81
INT_00753,CUST_0426,CAMP_006,2025-03-10,1,0,72.49
INT_00754,CUST_0147,CAMP_010,2024-10-08,1,0,166.86
INT_00755,CUST_0040,CAMP_010,2026-03-20,0,0,176.97
INT_00756,CUST_0331,CAMP_008,2025-07-01,0,0,372.61
INT_00757,CUST_0443,CAMP_001,2025-08-18,1,0,224.85
INT_00758,CUST_0438,CAMP_007,2025-03-13,0,0,212.65
INT_00759,CUST_0047,CAMP_003,2025-06-23,0,0,196.77
INT_00760,CUST_0315,CAMP_010,2026-02-24,0,0,208.56
INT_00761,CUST_0305,CAMP_007,2026-01-16,1,1,381.11
INT_00762,CUST_0260,CAMP_003,2026-03-08,0,0,202.04
INT_00763,CUST_0197,CAMP_001,2024-12-23,0,1,484.34
INT_00764,CUST_0237,CAMP_002,2025-07-11,1,0,176.81
INT_00765,CUST_0298,CAMP_006,2025-02-10,0,0,402.69
INT_00766,CUST_0284,CAMP_004,2026-04-23,1,0,487.49
INT_00767,CUST_0489,CAMP_004,2024-09-04,0,0,383.52
INT_00768,CUST_0406,CAMP_007,2026-02-12,1,0,9.74
INT_00769,CUST_0379,CAMP_009,2024-07-29,0,0,352.17
INT_00770,CUST_0459,CAMP_009,2025-08-17,1,0,104.3
INT_00771,CUST_0022,CAMP_005,2024-12-06,0,1,358.34
INT_00772,CUST_0231,CAMP_005,2025-03-26,0,0,147.4
INT_00773,CUST_0466,CAMP_005,2025-11-05,0,0,186.74
INT_00774,CUST_0415,CAMP_004,2025-08-24,0,0,160.92
INT_00775,CUST_0293,CAMP_002,2025-12-08,1,0,395.46
INT_00776,CUST_0334,CAMP_001,2024-10-17,0,1,162.84
INT_00777,CUST_0097,CAMP_007,2026-04-09,0,0,279.99
INT_00778,CUST_0165,CAMP_010,2025-02-13,1,0,99.73
INT_00779,CUST_0310,CAMP_009,2025-05-22,0,0,107.49
INT_00780,CUST_0244,CAMP_008,2024-09-25,0,0,251.47
INT_00781,CUST_0257,CAMP_003,2025-03-23,0,1,428.2
INT_00782,CUST_0078,CAMP_001,2026-01-20,0,1,53.42
INT_00783,CUST_0491,CAMP_006,2026-04-19,0,0,121.57
INT_00784,CUST_0032,CAMP_001,2024-06-05,1,0,162.74
INT_00785,CUST_0231,CAMP_007,2026-04-12,1,0,239.84
INT_00786,CUST_0053,CAMP_002,2024-06-05,1,0,360.63
INT_00787,CUST_0416,CAMP_005,2025-10-06,0,1,234.94
INT_00788,CUST_0461,CAMP_010,2025-09-27,0,1,485.57
INT_00789,CUST_0429,CAMP_008,2025-10-08,0,0,23.0
INT_00790,CUST_0176,CAMP_004,2024-11-20,1,1,329.71
INT_00791,CUST_0366,CAMP_002,2026-01-30,1,0,343.9
INT_00792,CUST_0044,CAMP_001,2024-10-29,1,0,454.44
INT_00793,CUST_0259,CAMP_004,2026-02-18,0,0,243.52
INT_00794,CUST_0331,CAMP_003,2025-05-28,0,0,140.07
INT_00795,CUST_0089,CAMP_005,2026-05-14,0,0,303.35
INT_00796,CUST_0021,CAMP_002,2025-10-22,0,0,187.51
INT_00797,CUST_0127,CAMP_008,2025-03-01,1,0,50.72
INT_00798,CUST_0363,CAMP_002,2025-02-13,0,1,319.81
INT_00799,CUST_0225,CAMP_005,2024-07-14,1,0,138.02
INT_00800,CUST_0225,CAMP_007,2024-08-07,1,0,184.72
INT_00801,CUST_0269,CAMP_008,2025-04-04,1,0,461.8
INT_00802,CUST_0268,CAMP_008,2025-03-15,0,0,55.52
INT_00803,CUST_0313,CAMP_005,2025-01-05,0,0,67.14
INT_00804,CUST_0082,CAMP_002,2025-08-31,0,0,374.91
INT_00805,CUST_0187,CAMP_009,2025-07-24,0,0,162.27
INT_00806,CUST_0191,CAMP_007,2024-11-28,0,0,387.62
INT_00807,CUST_0470,CAMP_003,2025-10-07,1,0,206.89
INT_00808,CUST_0145,CAMP_006,2025-01-04,0,0,75.89
INT_00809,CUST_0199,CAMP_007,2024-10-20,1,1,75.21
INT_00810,CUST_0210,CAMP_006,2025-10-20,0,0,149.43
INT_00811,CUST_0397,CAMP_003,2025-04-05,1,0,100.0
INT_00812,CUST_0174,CAMP_008,2026-01-15,0,1,44.0
INT_00813,CUST_0348,CAMP_001,2025-11-06,0,0,122.61
INT_00814,CUST_0307,CAMP_005,2026-05-11,0,0,286.37
INT_00815,CUST_0027,CAMP_008,2025-01-21,0,1,381.39
INT_00816,CUST_0405,CAMP_008,2026-03-03,1,0,130.36
INT_00817,CUST_0324,CAMP_005,2026-05-11,1,0,265.51
INT_00818,CUST_0332,CAMP_004,2025-12-21,0,0,145.71
INT_00819,CUST_0172,CAMP_005,2025-01-03,0,0,10.93
INT_00820,CUST_0034,CAMP_010,2025-03-13,0,0,386.05
INT_00821,CUST_0169,CAMP_001,2025-06-19,0,0,34.0
INT_00822,CUST_0049,CAMP_003,2025-10-05,1,0,392.95
INT_00823,CUST_0286,CAMP_002,2024-06-18,1,0,355.7
INT_00824,CUST_0348,CAMP_002,2025-04-25,0,0,156.98
INT_00825,CUST_0198,CAMP_006,2026-01-20,1,0,426.72
INT_00826,CUST_0146,CAMP_009,2025-04-28,1,0,452.55
INT_00827,CUST_0130,CAMP_007,2024-10-31,1,0,222.92
INT_00828,CUST_0371,CAMP_010,2024-10-15,1,0,442.29
INT_00829,CUST_0437,CAMP_004,2025-01-29,0,0,92.07
INT_00830,CUST_0337,CAMP_009,2025-10-19,0,1,234.16
INT_00831,CUST_0494,CAMP_001,2026-03-19,0,0,230.4
INT_00832,CUST_0465,CAMP_007,2025-02-03,0,0,166.51
INT_00833,CUST_0309,CAMP_009,2025-02-15,0,0,338.83
INT_00834,CUST_0448,CAMP_007,2025-05-14,0,0,352.03
INT_00835,CUST_0077,CAMP_009,2024-09-21,1,0,127.68
INT_00836,CUST_0171,CAMP_008,2025-06-06,0,0,373.83
INT_00837,CUST_0042,CAMP_010,2026-02-15,0,0,11.57
INT_00838,CUST_0299,CAMP_004,2026-03-25,0,1,59.6
INT_00839,CUST_0340,CAMP_008,2024-08-27,1,0,205.39
INT_00840,CUST_0073,CAMP_005,2025-12-25,1,0,198.15
INT_00841,CUST_0470,CAMP_002,2025-07-15,1,0,243.18
INT_00842,CUST_0180,CAMP_007,2025-08-09,0,0,24.02
INT_00843,CUST_0159,CAMP_001,2025-12-14,1,1,264.2
INT_00844,CUST_0496,CAMP_009,2024-06-05,0,0,456.49
INT_00845,CUST_0336,CAMP_010,2024-10-09,0,0,256.13
INT_00846,CUST_0358,CAMP_009,2025-05-20,1,0,8.1
INT_00847,CUST_0340,CAMP_010,2026-05-29,0,0,218.6
INT_00848,CUST_0201,CAMP_010,2024-11-19,0,0,16.04
INT_00849,CUST_0067,CAMP_003,2024-12-04,0,1,252.11
INT_00850,CUST_0305,CAMP_002,2026-04-29,1,0,399.14
INT_00851,CUST_0363,CAMP_008,2025-04-15,0,0,395.07
INT_00852,CUST_0481,CAMP_003,2025-08-17,1,0,246.0
INT_00853,CUST_0044,CAMP_003,2024-09-29,0,1,287.41
INT_00854,CUST_0159,CAMP_004,2025-01-17,0,0,317.19
INT_00855,CUST_0287,CAMP_004,2024-11-11,1,1,367.22
INT_00856,CUST_0193,CAMP_003,2025-01-22,1,0,282.65
INT_00857,CUST_0330,CAMP_001,2026-02-17,0,1,487.11
INT_00858,CUST_0406,CAMP_007,2025-06-17,1,1,390.29
INT_00859,CUST_0169,CAMP_002,2024-08-05,0,0,265.88
INT_00860,CUST_0417,CAMP_007,2024-09-22,0,0,399.3
INT_00861,CUST_0066,CAMP_004,2025-12-25,1,0,423.15
INT_00862,CUST_0344,CAMP_003,2025-12-22,0,0,43.87
INT_00863,CUST_0360,CAMP_010,2026-04-04,1,0,461.25
INT_00864,CUST_0425,CAMP_005,2025-08-22,1,0,305.02
INT_00865,CUST_0485,CAMP_006,2025-11-15,0,0,496.47
INT_00866,CUST_0379,CAMP_002,2024-06-15,1,0,375.95
INT_00867,CUST_0351,CAMP_002,2024-06-03,0,1,383.56
INT_00868,CUST_0468,CAMP_007,2026-03-17,1,1,215.47
INT_00869,CUST_0270,CAMP_009,2024-12-26,1,0,138.43
INT_00870,CUST_0048,CAMP_007,2026-04-12,0,0,225.64
INT_00871,CUST_0331,CAMP_009,2025-12-20,1,1,440.27
INT_00872,CUST_0344,CAMP_006,2026-01-14,0,1,369.47
INT_00873,CUST_0217,CAMP_005,2025-04-16,0,1,325.22
INT_00874,CUST_0261,CAMP_009,2025-03-17,0,1,36.51
INT_00875,CUST_0186,CAMP_008,2026-03-04,1,0,323.92
INT_00876,CUST_0010,CAMP_001,2024-06-12,0,0,169.9
INT_00877,CUST_0186,CAMP_010,2025-06-06,0,0,263.86
INT_00878,CUST_0159,CAMP_010,2025-12-19,1,0,346.29
INT_00879,CUST_0093,CAMP_009,2026-03-13,1,0,410.1
INT_00880,CUST_0487,CAMP_007,2026-04-18,1,0,216.2
INT_00881,CUST_0110,CAMP_002,2024-11-05,0,0,10.74
INT_00882,CUST_0175,CAMP_007,2025-01-25,1,1,287.37
INT_00883,CUST_0486,CAMP_003,2024-06-11,0,0,3.18
INT_00884,CUST_0393,CAMP_003,2026-03-16,1,0,414.11
INT_00885,CUST_0249,CAMP_010,2026-03-28,0,0,9.44
INT_00886,CUST_0099,CAMP_010,2025-10-07,0,0,112.61
INT_00887,CUST_0116,CAMP_010,2025-05-25,0,0,213.57
INT_00888,CUST_0071,CAMP_002,2026-03-14,0,0,129.43
INT_00889,CUST_0080,CAMP_002,2026-01-03,1,0,111.44
INT_00890,CUST_0040,CAMP_010,2025-07-11,1,0,337.27
INT_00891,CUST_0152,CAMP_002,2024-12-01,0,0,163.31
INT_00892,CUST_0433,CAMP_005,2026-02-24,1,0,228.88
INT_00893,CUST_0404,CAMP_009,2026-04-09,1,0,332.7
INT_00894,CUST_0052,CAMP_006,2025-06-16,1,0,384.96
INT_00895,CUST_0260,CAMP_007,2025-07-19,0,0,287.22
INT_00896,CUST_0395,CAMP_005,2025-04-17,1,0,177.32
INT_00897,CUST_0277,CAMP_007,2025-12-13,0,0,440.16
INT_00898,CUST_0428,CAMP_008,2025-07-22,0,0,433.62
INT_00899,CUST_0379,CAMP_010,2024-12-17,1,0,76.3
INT_00900,CUST_0453,CAMP_010,2024-06-26,1,0,386.5
INT_00901,CUST_0270,CAMP_008,2025-10-04,0,0,103.07
INT_00902,CUST_0020,CAMP_001,2025-03-06,0,0,90.79
INT_00903,CUST_0339,CAMP_003,2024-08-05,0,0,13.11
INT_00904,CUST_0173,CAMP_005,2024-11-16,1,0,300.96
INT_00905,CUST_0449,CAMP_007,2024-11-13,0,0,422.35
INT_00906,CUST_0393,CAMP_003,2026-02-24,0,0,389.73
INT_00907,CUST_0317,CAMP_010,2025-03-10,1,0,270.04
INT_00908,CUST_0068,CAMP_010,2025-02-13,0,0,477.33
INT_00909,CUST_0306,CAMP_007,2025-10-04,1,0,163.73
INT_00910,CUST_0193,CAMP_001,2024-11-01,1,1,157.67
INT_00911,CUST_0079,CAMP_007,2025-12-18,1,0,115.05
INT_00912,CUST_0084,CAMP_006,2025-08-08,0,0,104.4
INT_00913,CUST_0093,CAMP_004,2025-07-03,1,0,151.46
INT_00914,CUST_0426,CAMP_001,2025-08-31,1,0,212.14
INT_00915,CUST_0355,CAMP_008,2025-07-01,0,0,135.54
INT_00916,CUST_0395,CAMP_005,2024-11-20,0,0,468.15
INT_00917,CUST_0320,CAMP_006,2025-04-16,0,0,108.62
INT_00918,CUST_0415,CAMP_001,2025-01-20,1,0,177.67
INT_00919,CUST_0463,CAMP_006,2024-07-28,0,0,68.66
INT_00920,CUST_0085,CAMP_005,2025-12-03,0,0,449.44
INT_00921,CUST_0370,CAMP_005,2024-10-12,1,0,219.82
INT_00922,CUST_0225,CAMP_005,2025-02-20,1,1,417.08
INT_00923,CUST_0023,CAMP_008,2026-01-03,0,0,187.56
INT_00924,CUST_0211,CAMP_002,2026-04-29,0,0,221.98
INT_00925,CUST_0187,CAMP_004,2024-06-29,0,1,371.97
INT_00926,CUST_0347,CAMP_003,2024-08-31,1,0,369.96
INT_00927,CUST_0369,CAMP_005,2025-10-16,1,0,190.21
INT_00928,CUST_0122,CAMP_008,2024-10-03,0,0,223.41
INT_00929,CUST_0497,CAMP_006,2025-08-17,1,0,199.59
INT_00930,CUST_0228,CAMP_005,2025-08-26,0,1,102.82
INT_00931,CUST_0313,CAMP_007,2024-10-05,1,0,190.25
INT_00932,CUST_0146,CAMP_010,2025-08-31,1,1,407.25
INT_00933,CUST_0386,CAMP_002,2025-07-28,0,0,46.43
INT_00934,CUST_0384,CAMP_004,2026-01-14,1,1,87.55
INT_00935,CUST_0402,CAMP_008,2025-03-14,0,0,456.64
INT_00936,CUST_0230,CAMP_004,2025-05-15,1,0,362.26
INT_00937,CUST_0120,CAMP_007,2025-04-22,1,1,60.85
INT_00938,CUST_0274,CAMP_008,2025-12-04,0,0,378.3
INT_00939,CUST_0123,CAMP_009,2026-04-10,0,1,60.18
INT_00940,CUST_0159,CAMP_006,2026-01-16,1,0,244.55
INT_00941,CUST_0495,CAMP_001,2026-01-03,1,1,302.42
INT_00942,CUST_0415,CAMP_009,2024-07-24,0,0,374.84
INT_00943,CUST_0402,CAMP_003,2025-11-19,1,0,158.44
INT_00944,CUST_0241,CAMP_002,2024-08-17,1,0,95.49
INT_00945,CUST_0463,CAMP_005,2025-12-17,1,1,492.58
INT_00946,CUST_0428,CAMP_009,2025-05-03,0,0,399.9
INT_00947,CUST_0100,CAMP_007,2024-11-07,0,0,179.93
INT_00948,CUST_0189,CAMP_003,2024-10-19,1,0,127.64
INT_00949,CUST_0348,CAMP_009,2025-09-12,0,0,56.0
INT_00950,CUST_0485,CAMP_010,2025-03-24,1,0,228.48
INT_00951,CUST_0293,CAMP_001,2024-11-30,0,0,3.63
INT_00952,CUST_0226,CAMP_003,2025-02-08,0,1,401.71
INT_00953,CUST_0237,CAMP_004,2025-08-12,1,0,200.15
INT_00954,CUST_0394,CAMP_004,2025-07-09,1,0,428.75
INT_00955,CUST_0145,CAMP_001,2026-05-23,1,0,177.34
INT_00956,CUST_0399,CAMP_004,2024-07-05,0,0,472.87
INT_00957,CUST_0196,CAMP_001,2025-04-30,1,1,418.27
INT_00958,CUST_0258,CAMP_008,2025-04-16,1,0,217.07
INT_00959,CUST_0271,CAMP_001,2024-09-13,0,1,423.9
INT_00960,CUST_0215,CAMP_006,2024-11-12,0,1,150.35
INT_00961,CUST_0495,CAMP_004,2024-12-26,0,0,499.85
INT_00962,CUST_0083,CAMP_005,2024-11-03,0,0,42.23
INT_00963,CUST_0419,CAMP_006,2024-08-08,1,0,321.79
INT_00964,CUST_0103,CAMP_008,2024-06-30,0,0,194.84
INT_00965,CUST_0411,CAMP_009,2025-11-12,0,1,235.68
INT_00966,CUST_0310,CAMP_007,2025-01-04,1,1,475.65
INT_00967,CUST_0071,CAMP_002,2025-03-08,0,0,137.36
INT_00968,CUST_0447,CAMP_001,2024-06-02,0,0,323.68
INT_00969,CUST_0129,CAMP_004,2025-06-22,1,0,161.64
INT_00970,CUST_0027,CAMP_006,2024-09-18,1,0,70.37
INT_00971,CUST_0329,CAMP_008,2025-07-03,1,0,124.5
INT_00972,CUST_0247,CAMP_010,2024-08-01,1,0,282.29
INT_00973,CUST_0448,CAMP_008,2025-10-16,1,0,63.97
INT_00974,CUST_0191,CAMP_003,2025-01-05,0,0,77.88
INT_00975,CUST_0284,CAMP_008,2025-06-23,0,0,347.54
INT_00976,CUST_0479,CAMP_010,2025-04-20,1,0,381.14
INT_00977,CUST_0053,CAMP_009,2024-07-22,1,0,30.59
INT_00978,CUST_0365,CAMP_006,2025-01-24,1,0,401.19
INT_00979,CUST_0434,CAMP_006,2025-01-30,1,0,433.17
INT_00980,CUST_0265,CAMP_003,2025-05-23,0,0,330.48
INT_00981,CUST_0436,CAMP_005,2024-07-27,1,0,185.85
INT_00982,CUST_0064,CAMP_002,2026-04-26,1,0,207.44
INT_00983,CUST_0146,CAMP_005,2025-03-22,1,1,78.74
INT_00984,CUST_0043,CAMP_001,2025-03-15,1,1,86.21
INT_00985,CUST_0391,CAMP_007,2026-04-21,0,0,468.15
INT_00986,CUST_0083,CAMP_001,2025-09-25,0,0,482.65
INT_00987,CUST_0140,CAMP_003,2026-01-20,1,0,370.98
INT_00988,CUST_0231,CAMP_010,2024-11-18,0,1,405.16
INT_00989,CUST_0464,CAMP_004,2025-12-14,0,0,90.81
INT_00990,CUST_0263,CAMP_004,2025-07-14,1,0,439.54
INT_00991,CUST_0076,CAMP_004,2025-11-01,0,0,54.7
INT_00992,CUST_0426,CAMP_004,2025-10-28,1,0,81.19
INT_00993,CUST_0224,CAMP_005,2025-06-16,0,0,248.78
INT_00994,CUST_0047,CAMP_007,2026-05-24,0,0,153.03
INT_00995,CUST_0485,CAMP_009,2025-07-10,0,0,312.66
INT_00996,CUST_0467,CAMP_001,2025-03-14,1,0,454.49
INT_00997,CUST_0114,CAMP_001,2024-06-09,0,0,132.59
INT_00998,CUST_0419,CAMP_008,2025-03-08,0,0,160.54
INT_00999,CUST_0231,CAMP_003,2024-09-06,1,1,391.63
INT_01000,CUST_0453,CAMP_003,2025-07-18,0,0,165.79
INT_01001,CUST_0179,CAMP_010,2026-01-28,0,0,444.41
INT_01002,CUST_0477,CAMP_001,2024-08-29,0,0,17.11
INT_01003,CUST_0014,CAMP_004,2026-04-25,1,0,436.01
INT_01004,CUST_0213,CAMP_005,2026-01-23,1,0,456.79
INT_01005,CUST_0028,CAMP_010,2024-12-17,0,1,23.25
INT_01006,CUST_0203,CAMP_005,2025-01-09,1,1,188.52
INT_01007,CUST_0258,CAMP_005,2025-10-25,1,0,299.25
INT_01008,CUST_0192,CAMP_007,2026-03-31,1,0,262.6
INT_01009,CUST_0121,CAMP_007,2026-04-05,1,0,79.09
INT_01010,CUST_0198,CAMP_006,2026-03-09,0,0,7.47
INT_01011,CUST_0042,CAMP_008,2024-09-06,1,1,448.59
INT_01012,CUST_0192,CAMP_005,2025-03-29,0,0,46.06
INT_01013,CUST_0115,CAMP_004,2026-03-08,0,1,494.1
INT_01014,CUST_0015,CAMP_008,2024-11-23,0,0,56.21
INT_01015,CUST_0164,CAMP_005,2025-11-03,0,0,237.84
INT_01016,CUST_0477,CAMP_009,2025-10-26,1,0,491.68
INT_01017,CUST_0051,CAMP_010,2024-07-19,1,0,428.07
INT_01018,CUST_0430,CAMP_007,2024-09-18,1,0,268.36
INT_01019,CUST_0366,CAMP_010,2024-07-05,1,0,67.2
INT_01020,CUST_0333,CAMP_002,2025-08-11,1,0,301.64
INT_01021,CUST_0172,CAMP_001,2025-06-27,1,0,318.43
INT_01022,CUST_0406,CAMP_009,2026-05-25,1,0,155.72
INT_01023,CUST_0075,CAMP_006,2026-01-24,1,0,234.74
INT_01024,CUST_0071,CAMP_009,2025-03-15,0,0,451.44
INT_01025,CUST_0020,CAMP_010,2024-07-11,1,0,64.1
INT_01026,CUST_0147,CAMP_010,2025-09-13,0,0,328.19
INT_01027,CUST_0470,CAMP_005,2024-12-17,1,0,182.79
INT_01028,CUST_0425,CAMP_005,2024-08-08,0,1,306.8
INT_01029,CUST_0242,CAMP_002,2024-11-21,1,0,358.16
INT_01030,CUST_0357,CAMP_008,2024-07-30,1,0,238.89
INT_01031,CUST_0426,CAMP_002,2026-04-02,1,1,374.36
INT_01032,CUST_0072,CAMP_006,2024-10-06,0,0,425.98
INT_01033,CUST_0389,CAMP_005,2025-09-19,0,0,98.14
INT_01034,CUST_0362,CAMP_006,2024-12-08,1,0,109.66
INT_01035,CUST_0241,CAMP_005,2025-06-05,1,0,64.9
INT_01036,CUST_0230,CAMP_005,2025-01-10,1,0,471.14
INT_01037,CUST_0316,CAMP_005,2025-12-05,0,0,112.78
INT_01038,CUST_0003,CAMP_004,2024-07-26,0,1,41.09
INT_01039,CUST_0464,CAMP_003,2024-09-15,1,0,47.39
INT_01040,CUST_0041,CAMP_009,2025-11-12,0,0,201.92
INT_01041,CUST_0010,CAMP_004,2026-01-16,0,0,443.46
INT_01042,CUST_0132,CAMP_001,2025-02-27,0,0,52.61
INT_01043,CUST_0111,CAMP_010,2024-10-19,0,0,113.11
INT_01044,CUST_0428,CAMP_007,2025-09-30,0,0,92.31
INT_01045,CUST_0077,CAMP_006,2025-02-26,0,0,329.68
INT_01046,CUST_0281,CAMP_003,2026-04-14,0,0,164.31
INT_01047,CUST_0482,CAMP_001,2025-10-10,1,1,486.98
INT_01048,CUST_0373,CAMP_008,2025-06-18,0,1,334.18
INT_01049,CUST_0312,CAMP_005,2024-10-18,1,1,259.96
INT_01050,CUST_0271,CAMP_005,2025-01-22,1,0,288.58
INT_01051,CUST_0217,CAMP_007,2024-06-28,1,0,441.79
INT_01052,CUST_0057,CAMP_007,2025-10-23,0,1,379.95
INT_01053,CUST_0398,CAMP_007,2026-03-07,0,0,65.85
INT_01054,CUST_0148,CAMP_001,2025-06-17,0,0,211.01
INT_01055,CUST_0122,CAMP_010,2025-09-30,1,0,330.6
INT_01056,CUST_0155,CAMP_010,2024-11-05,1,0,289.68
INT_01057,CUST_0063,CAMP_004,2024-08-15,0,0,467.31
INT_01058,CUST_0025,CAMP_006,2026-04-19,1,0,17.11
INT_01059,CUST_0123,CAMP_004,2025-04-02,1,1,453.01
INT_01060,CUST_0215,CAMP_009,2025-03-03,0,0,192.52
INT_01061,CUST_0328,CAMP_008,2025-07-14,1,0,24.01
INT_01062,CUST_0407,CAMP_006,2025-07-21,0,1,98.95
INT_01063,CUST_0319,CAMP_009,2025-01-07,0,1,91.09
INT_01064,CUST_0235,CAMP_005,2026-02-01,1,1,71.48
INT_01065,CUST_0033,CAMP_003,2025-09-16,1,1,17.06
INT_01066,CUST_0057,CAMP_009,2025-07-03,0,0,397.39
INT_01067,CUST_0429,CAMP_003,2024-10-26,1,0,80.94
INT_01068,CUST_0464,CAMP_005,2024-10-13,1,0,161.27
INT_01069,CUST_0256,CAMP_002,2026-01-17,0,1,286.04
INT_01070,CUST_0306,CAMP_008,2025-10-12,0,1,241.92
INT_01071,CUST_0275,CAMP_003,2025-07-14,1,1,171.95
INT_01072,CUST_0009,CAMP_005,2026-05-21,1,1,314.36
INT_01073,CUST_0324,CAMP_009,2026-05-02,1,0,408.49
INT_01074,CUST_0264,CAMP_003,2026-03-11,1,1,288.6
INT_01075,CUST_0295,CAMP_006,2024-06-01,0,0,226.05
INT_01076,CUST_0124,CAMP_002,2026-01-02,1,1,107.42
INT_01077,CUST_0368,CAMP_004,2025-04-18,1,0,310.66
INT_01078,CUST_0074,CAMP_006,2026-03-19,0,0,272.94
INT_01079,CUST_0150,CAMP_004,2024-10-10,1,0,58.91
INT_01080,CUST_0220,CAMP_005,2024-12-31,0,0,139.65
INT_01081,CUST_0001,CAMP_007,2024-09-05,0,0,384.26
INT_01082,CUST_0315,CAMP_006,2025-07-13,0,0,461.94
INT_01083,CUST_0181,CAMP_006,2025-03-27,1,0,168.63
INT_01084,CUST_0124,CAMP_005,2025-02-06,0,0,446.26
INT_01085,CUST_0293,CAMP_010,2024-07-09,1,1,127.64
INT_01086,CUST_0214,CAMP_005,2026-05-29,0,0,403.49
INT_01087,CUST_0096,CAMP_008,2025-08-19,1,0,243.68
INT_01088,CUST_0341,CAMP_002,2025-03-17,1,0,274.45
INT_01089,CUST_0343,CAMP_008,2025-08-15,0,0,331.62
INT_01090,CUST_0044,CAMP_001,2026-01-28,1,0,334.01
INT_01091,CUST_0269,CAMP_010,2025-04-15,0,0,171.19
INT_01092,CUST_0500,CAMP_010,2024-10-07,0,0,259.54
INT_01093,CUST_0185,CAMP_010,2024-09-17,0,1,31.56
INT_01094,CUST_0035,CAMP_002,2026-02-05,1,0,182.71
INT_01095,CUST_0489,CAMP_008,2024-11-09,0,1,321.15
INT_01096,CUST_0270,CAMP_004,2026-04-15,0,0,482.38
INT_01097,CUST_0279,CAMP_009,2026-03-03,0,0,63.11
INT_01098,CUST_0260,CAMP_002,2024-07-20,1,0,113.56
INT_01099,CUST_0403,CAMP_007,2024-11-12,0,0,228.72
INT_01100,CUST_0260,CAMP_009,2025-06-29,1,0,55.57
INT_01101,CUST_0284,CAMP_005,2025-01-21,0,0,275.23
INT_01102,CUST_0011,CAMP_007,2024-08-27,1,0,147.86
INT_01103,CUST_0200,CAMP_001,2025-11-07,1,1,436.65
INT_01104,CUST_0448,CAMP_003,2025-10-17,0,0,153.52
INT_01105,CUST_0241,CAMP_003,2024-09-06,1,1,218.08
INT_01106,CUST_0023,CAMP_004,2025-03-20,1,0,492.16
INT_01107,CUST_0326,CAMP_006,2026-04-18,0,0,41.48
INT_01108,CUST_0199,CAMP_007,2025-03-04,1,0,433.48
INT_01109,CUST_0192,CAMP_010,2025-05-01,1,0,252.36
INT_01110,CUST_0130,CAMP_008,2025-09-04,1,1,198.78
INT_01111,CUST_0383,CAMP_003,2024-11-13,1,0,470.62
INT_01112,CUST_0009,CAMP_006,2026-03-16,0,0,499.27
INT_01113,CUST_0183,CAMP_003,2025-03-02,1,0,97.44
INT_01114,CUST_0404,CAMP_002,2024-12-21,1,0,420.01
INT_01115,CUST_0035,CAMP_008,2024-12-17,1,0,110.93
INT_01116,CUST_0177,CAMP_006,2026-02-18,1,0,8.36
INT_01117,CUST_0124,CAMP_003,2025-03-04,1,0,366.71
INT_01118,CUST_0376,CAMP_006,2026-01-13,0,0,176.97
INT_01119,CUST_0337,CAMP_001,2025-12-12,0,0,300.47
INT_01120,CUST_0322,CAMP_001,2025-11-10,1,1,75.89
INT_01121,CUST_0054,CAMP_008,2024-08-14,1,0,429.96
INT_01122,CUST_0396,CAMP_005,2026-02-24,1,0,262.52
INT_01123,CUST_0298,CAMP_004,2024-06-16,1,1,400.13
INT_01124,CUST_0377,CAMP_003,2025-11-01,0,0,181.33
INT_01125,CUST_0388,CAMP_010,2025-12-28,1,0,115.21
INT_01126,CUST_0171,CAMP_003,2025-09-19,1,1,473.58
INT_01127,CUST_0069,CAMP_008,2025-10-24,0,1,265.44
INT_01128,CUST_0023,CAMP_002,2025-07-19,0,0,187.24
INT_01129,CUST_0181,CAMP_003,2025-06-23,0,1,50.07
INT_01130,CUST_0280,CAMP_010,2026-01-23,0,0,82.82
INT_01131,CUST_0174,CAMP_007,2024-11-01,1,0,317.16
INT_01132,CUST_0417,CAMP_007,2025-05-23,1,0,309.09
INT_01133,CUST_0330,CAMP_007,2026-05-17,1,0,421.62
INT_01134,CUST_0090,CAMP_007,2025-08-24,0,0,375.55
INT_01135,CUST_0426,CAMP_008,2025-09-13,1,0,76.03
INT_01136,CUST_0399,CAMP_007,2025-10-26,0,0,471.1
INT_01137,CUST_0351,CAMP_001,2025-08-31,0,0,304.83
INT_01138,CUST_0238,CAMP_001,2025-03-01,1,0,429.15
INT_01139,CUST_0357,CAMP_009,2025-07-25,1,1,139.21
INT_01140,CUST_0246,CAMP_004,2024-08-16,1,1,479.53
INT_01141,CUST_0324,CAMP_006,2024-12-11,0,1,474.45
INT_01142,CUST_0094,CAMP_001,2025-08-26,1,0,148.25
INT_01143,CUST_0416,CAMP_006,2025-12-16,0,0,450.48
INT_01144,CUST_0070,CAMP_009,2024-12-24,0,0,486.0
INT_01145,CUST_0033,CAMP_004,2024-11-18,0,1,446.87
INT_01146,CUST_0367,CAMP_001,2026-04-23,1,0,234.0
INT_01147,CUST_0398,CAMP_001,2024-12-04,1,0,68.06
INT_01148,CUST_0484,CAMP_004,2024-08-26,1,0,469.07
INT_01149,CUST_0235,CAMP_004,2024-09-08,0,1,0.18
INT_01150,CUST_0019,CAMP_006,2025-05-29,1,0,125.66
INT_01151,CUST_0151,CAMP_005,2025-02-21,1,0,277.88
INT_01152,CUST_0104,CAMP_003,2024-12-20,1,1,155.8
INT_01153,CUST_0023,CAMP_002,2025-11-13,1,0,461.53
INT_01154,CUST_0406,CAMP_007,2024-11-25,0,0,306.56
INT_01155,CUST_0103,CAMP_009,2026-05-28,0,1,479.64
INT_01156,CUST_0454,CAMP_010,2024-08-01,0,0,29.61
INT_01157,CUST_0022,CAMP_005,2024-10-01,0,0,205.19
INT_01158,CUST_0162,CAMP_003,2026-02-01,1,1,71.9
INT_01159,CUST_0478,CAMP_002,2025-04-28,1,1,411.22
INT_01160,CUST_0159,CAMP_001,2025-11-20,1,0,382.3
INT_01161,CUST_0264,CAMP_005,2026-02-04,0,1,403.49
INT_01162,CUST_0204,CAMP_005,2025-05-15,1,1,475.46
INT_01163,CUST_0418,CAMP_008,2026-04-12,1,0,121.23
INT_01164,CUST_0279,CAMP_009,2026-04-07,0,0,393.16
INT_01165,CUST_0243,CAMP_010,2025-09-27,1,0,323.04
INT_01166,CUST_0130,CAMP_009,2025-11-10,0,1,195.5
INT_01167,CUST_0019,CAMP_006,2024-08-29,0,0,96.69
INT_01168,CUST_0386,CAMP_007,2025-08-16,0,0,417.16
INT_01169,CUST_0332,CAMP_003,2025-05-09,1,0,35.27
INT_01170,CUST_0098,CAMP_006,2024-07-30,1,0,481.68
INT_01171,CUST_0147,CAMP_008,2025-08-13,0,0,138.11
INT_01172,CUST_0183,CAMP_006,2024-11-29,1,0,446.32
INT_01173,CUST_0442,CAMP_004,2024-07-21,1,0,61.74
INT_01174,CUST_0400,CAMP_003,2025-04-09,1,0,369.83
INT_01175,CUST_0025,CAMP_007,2026-01-10,1,0,472.17
INT_01176,CUST_0444,CAMP_001,2025-03-20,1,0,75.92
INT_01177,CUST_0336,CAMP_004,2024-08-29,0,0,221.69
INT_01178,CUST_0170,CAMP_004,2024-12-09,1,0,336.12
INT_01179,CUST_0140,CAMP_003,2026-03-04,0,0,380.29
INT_01180,CUST_0064,CAMP_004,2025-01-04,1,0,5.38
INT_01181,CUST_0410,CAMP_001,2025-03-27,0,0,58.65
INT_01182,CUST_0189,CAMP_010,2026-05-03,0,0,155.58
INT_01183,CUST_0224,CAMP_009,2024-07-29,0,0,51.31
INT_01184,CUST_0456,CAMP_003,2025-03-18,1,0,314.27
INT_01185,CUST_0205,CAMP_002,2025-02-10,1,0,235.55
INT_01186,CUST_0381,CAMP_006,2026-01-11,0,0,330.21
INT_01187,CUST_0226,CAMP_001,2025-01-07,1,0,149.41
INT_01188,CUST_0459,CAMP_007,2025-09-26,0,0,62.43
INT_01189,CUST_0490,CAMP_005,2025-10-17,0,0,371.46
INT_01190,CUST_0198,CAMP_009,2025-06-11,1,1,227.18
INT_01191,CUST_0174,CAMP_010,2025-02-17,1,0,35.2
INT_01192,CUST_0499,CAMP_001,2025-08-13,1,0,489.5
INT_01193,CUST_0096,CAMP_010,2025-05-22,1,0,455.25
INT_01194,CUST_0255,CAMP_001,2024-09-10,0,0,170.69
INT_01195,CUST_0355,CAMP_002,2025-06-02,1,0,136.05
INT_01196,CUST_0255,CAMP_001,2024-12-21,1,0,493.98
INT_01197,CUST_0189,CAMP_001,2025-10-25,0,0,190.75
INT_01198,CUST_0474,CAMP_002,2026-01-31,0,0,445.56
INT_01199,CUST_0409,CAMP_007,2025-09-07,0,1,56.42
INT_01200,CUST_0266,CAMP_008,2025-05-21,0,0,233.26
INT_01201,CUST_0137,CAMP_007,2025-07-19,0,0,292.49
INT_01202,CUST_0411,CAMP_002,2024-10-26,1,1,438.12
INT_01203,CUST_0043,CAMP_009,2026-02-22,1,0,345.72
INT_01204,CUST_0373,CAMP_005,2026-05-29,1,0,397.23
INT_01205,CUST_0218,CAMP_008,2026-02-12,1,0,379.23
INT_01206,CUST_0041,CAMP_003,2025-05-03,1,0,112.32
INT_01207,CUST_0221,CAMP_004,2024-10-13,0,1,51.53
INT_01208,CUST_0309,CAMP_001,2026-02-10,1,0,498.8
INT_01209,CUST_0422,CAMP_005,2024-06-04,0,0,301.66
INT_01210,CUST_0093,CAMP_007,2025-07-03,0,0,299.52
INT_01211,CUST_0280,CAMP_002,2025-05-31,0,1,181.27
INT_01212,CUST_0151,CAMP_009,2026-02-18,1,1,434.68
INT_01213,CUST_0165,CAMP_005,2024-08-01,1,0,332.46
INT_01214,CUST_0053,CAMP_010,2024-10-14,1,0,418.35
INT_01215,CUST_0041,CAMP_010,2025-08-19,1,0,481.62
INT_01216,CUST_0168,CAMP_003,2024-06-11,1,0,210.84
INT_01217,CUST_0339,CAMP_007,2025-01-26,0,1,319.03
INT_01218,CUST_0152,CAMP_002,2025-02-05,0,0,432.58
INT_01219,CUST_0157,CAMP_009,2024-09-02,0,0,140.1
INT_01220,CUST_0229,CAMP_010,2025-10-17,0,0,362.03
INT_01221,CUST_0309,CAMP_002,2026-03-25,0,0,137.93
INT_01222,CUST_0368,CAMP_005,2025-08-19,0,0,125.84
INT_01223,CUST_0219,CAMP_002,2025-01-09,0,0,253.91
INT_01224,CUST_0086,CAMP_002,2024-10-02,1,0,209.82
INT_01225,CUST_0354,CAMP_008,2024-12-13,1,1,418.15
INT_01226,CUST_0228,CAMP_004,2024-12-01,0,0,491.54
INT_01227,CUST_0180,CAMP_010,2024-12-19,0,0,41.55
INT_01228,CUST_0229,CAMP_004,2026-05-15,0,0,50.57
INT_01229,CUST_0022,CAMP_005,2026-02-01,0,0,403.0
INT_01230,CUST_0373,CAMP_009,2025-05-29,1,1,121.37
INT_01231,CUST_0446,CAMP_004,2024-07-06,1,0,247.49
INT_01232,CUST_0467,CAMP_006,2024-08-29,1,1,295.54
INT_01233,CUST_0181,CAMP_007,2026-02-17,1,0,332.81
INT_01234,CUST_0315,CAMP_005,2025-12-04,0,0,51.98
INT_01235,CUST_0223,CAMP_003,2024-12-16,1,0,390.46
INT_01236,CUST_0141,CAMP_001,2026-03-02,1,0,354.26
INT_01237,CUST_0328,CAMP_009,2026-01-29,0,1,280.34
INT_01238,CUST_0406,CAMP_008,2026-01-05,1,0,418.71
INT_01239,CUST_0486,CAMP_004,2025-10-30,0,0,187.91
INT_01240,CUST_0030,CAMP_008,2024-09-15,0,0,259.48
INT_01241,CUST_0039,CAMP_006,2024-11-18,0,0,462.62
INT_01242,CUST_0344,CAMP_004,2025-07-05,0,0,191.29
INT_01243,CUST_0327,CAMP_001,2024-09-04,0,1,300.83
INT_01244,CUST_0208,CAMP_001,2024-09-12,0,0,295.17
INT_01245,CUST_0187,CAMP_002,2024-07-05,1,1,396.8
INT_01246,CUST_0263,CAMP_002,2025-10-10,0,0,477.04
INT_01247,CUST_0411,CAMP_010,2024-07-16,0,0,287.81
INT_01248,CUST_0384,CAMP_008,2026-01-06,0,0,58.74
INT_01249,CUST_0348,CAMP_003,2024-12-30,0,0,382.02
INT_01250,CUST_0082,CAMP_002,2024-10-02,1,0,180.35
INT_01251,CUST_0488,CAMP_009,2025-12-06,0,0,336.3
INT_01252,CUST_0016,CAMP_002,2025-03-07,0,0,451.89
INT_01253,CUST_0074,CAMP_002,2024-06-08,0,0,210.91
INT_01254,CUST_0435,CAMP_005,2024-06-13,1,0,196.87
INT_01255,CUST_0312,CAMP_004,2025-01-10,1,0,372.15
INT_01256,CUST_0348,CAMP_008,2024-12-17,0,0,173.65
INT_01257,CUST_0401,CAMP_005,2025-10-08,0,1,394.07
INT_01258,CUST_0225,CAMP_005,2025-07-21,0,0,426.12
INT_01259,CUST_0018,CAMP_008,2025-11-19,0,1,286.67
INT_01260,CUST_0065,CAMP_001,2026-05-02,0,0,261.38
INT_01261,CUST_0035,CAMP_002,2025-04-24,1,1,470.1
INT_01262,CUST_0121,CAMP_003,2024-07-08,0,0,406.58
INT_01263,CUST_0399,CAMP_001,2025-11-12,1,0,314.06
INT_01264,CUST_0331,CAMP_005,2025-03-17,0,1,388.82
INT_01265,CUST_0188,CAMP_006,2025-02-17,0,0,334.53
INT_01266,CUST_0186,CAMP_006,2025-09-18,1,0,12.82
INT_01267,CUST_0197,CAMP_007,2025-03-26,0,0,283.46
INT_01268,CUST_0487,CAMP_002,2024-11-29,0,1,12.07
INT_01269,CUST_0291,CAMP_002,2026-03-16,0,1,472.97
INT_01270,CUST_0017,CAMP_001,2025-03-28,0,0,49.4
INT_01271,CUST_0310,CAMP_001,2024-06-04,0,1,460.33
INT_01272,CUST_0079,CAMP_003,2025-05-13,0,0,400.95
INT_01273,CUST_0348,CAMP_003,2025-07-07,1,0,364.53
INT_01274,CUST_0231,CAMP_006,2026-03-27,0,0,424.72
INT_01275,CUST_0486,CAMP_006,2025-12-15,0,0,126.76
INT_01276,CUST_0190,CAMP_008,2025-10-09,0,1,409.18
INT_01277,CUST_0191,CAMP_010,2025-02-25,1,1,172.02
INT_01278,CUST_0228,CAMP_005,2025-11-24,1,0,486.79
INT_01279,CUST_0391,CAMP_002,2025-04-05,1,0,124.35
INT_01280,CUST_0040,CAMP_006,2025-01-23,0,0,223.0
INT_01281,CUST_0294,CAMP_006,2024-12-27,0,0,23.9
INT_01282,CUST_0071,CAMP_003,2025-02-15,0,0,229.1
INT_01283,CUST_0272,CAMP_002,2024-11-05,0,0,495.49
INT_01284,CUST_0188,CAMP_007,2025-05-07,0,0,131.59
INT_01285,CUST_0204,CAMP_007,2025-03-04,0,0,396.82
INT_01286,CUST_0161,CAMP_008,2024-09-15,0,1,104.69
INT_01287,CUST_0333,CAMP_005,2025-03-28,1,0,385.4
INT_01288,CUST_0143,CAMP_007,2025-02-06,0,1,273.64
INT_01289,CUST_0128,CAMP_008,2024-06-02,0,0,160.94
INT_01290,CUST_0492,CAMP_007,2026-04-12,0,0,200.66
INT_01291,CUST_0059,CAMP_003,2025-12-05,0,1,174.27
INT_01292,CUST_0014,CAMP_002,2025-03-10,1,1,407.73
INT_01293,CUST_0377,CAMP_003,2025-10-01,1,0,422.36
INT_01294,CUST_0096,CAMP_001,2025-02-03,0,0,428.32
INT_01295,CUST_0256,CAMP_003,2025-02-01,1,1,166.88
INT_01296,CUST_0266,CAMP_002,2025-11-29,0,1,308.2
INT_01297,CUST_0199,CAMP_007,2024-09-02,0,1,369.93
INT_01298,CUST_0468,CAMP_010,2024-10-01,1,0,418.12
INT_01299,CUST_0288,CAMP_008,2025-11-25,1,0,113.79
INT_01300,CUST_0061,CAMP_010,2025-02-02,1,0,414.34
INT_01301,CUST_0135,CAMP_008,2026-05-01,0,0,50.65
INT_01302,CUST_0397,CAMP_003,2024-12-23,0,1,360.97
INT_01303,CUST_0134,CAMP_010,2026-05-08,1,1,319.73
INT_01304,CUST_0361,CAMP_007,2024-10-25,0,0,156.46
INT_01305,CUST_0229,CAMP_006,2025-04-22,1,1,248.6
INT_01306,CUST_0110,CAMP_010,2025-01-13,0,0,93.1
INT_01307,CUST_0314,CAMP_001,2025-10-23,1,0,191.35
INT_01308,CUST_0147,CAMP_003,2025-06-04,0,0,132.34
INT_01309,CUST_0356,CAMP_008,2025-05-02,0,0,353.7
INT_01310,CUST_0470,CAMP_008,2025-09-19,1,1,175.3
INT_01311,CUST_0252,CAMP_002,2025-12-12,1,0,402.95
INT_01312,CUST_0103,CAMP_007,2025-08-21,1,1,447.89
INT_01313,CUST_0063,CAMP_008,2025-10-20,0,0,377.39
INT_01314,CUST_0070,CAMP_001,2025-07-17,0,0,479.65
INT_01315,CUST_0437,CAMP_002,2025-09-01,1,1,161.38
INT_01316,CUST_0038,CAMP_005,2025-11-30,1,0,55.74
INT_01317,CUST_0232,CAMP_006,2025-12-07,0,0,290.92
INT_01318,CUST_0089,CAMP_001,2024-11-23,1,1,454.42
INT_01319,CUST_0461,CAMP_009,2026-03-30,1,0,350.11
INT_01320,CUST_0366,CAMP_010,2025-12-22,1,0,280.24
INT_01321,CUST_0228,CAMP_010,2024-11-15,1,0,378.39
INT_01322,CUST_0045,CAMP_004,2024-11-10,1,0,269.13
INT_01323,CUST_0415,CAMP_006,2026-04-15,0,1,198.99
INT_01324,CUST_0350,CAMP_009,2024-11-11,1,0,347.82
INT_01325,CUST_0496,CAMP_009,2025-01-28,1,0,99.31
INT_01326,CUST_0433,CAMP_010,2025-12-28,1,1,45.27
INT_01327,CUST_0164,CAMP_002,2026-02-16,0,1,298.98
INT_01328,CUST_0342,CAMP_007,2025-07-08,0,0,438.47
INT_01329,CUST_0178,CAMP_004,2025-01-18,1,0,202.32
INT_01330,CUST_0364,CAMP_008,2026-04-04,1,0,131.69
INT_01331,CUST_0034,CAMP_006,2025-03-31,0,0,357.94
INT_01332,CUST_0282,CAMP_007,2024-10-30,0,1,266.41
INT_01333,CUST_0278,CAMP_003,2024-07-05,1,0,198.38
INT_01334,CUST_0149,CAMP_009,2024-08-04,0,0,460.63
INT_01335,CUST_0457,CAMP_010,2025-08-27,1,0,51.81
INT_01336,CUST_0154,CAMP_001,2024-08-05,1,0,478.04
INT_01337,CUST_0436,CAMP_001,2025-11-07,0,0,407.29
INT_01338,CUST_0081,CAMP_003,2024-07-08,0,0,443.73
INT_01339,CUST_0365,CAMP_009,2024-08-01,0,0,146.96
INT_01340,CUST_0364,CAMP_008,2025-11-08,1,1,285.05
INT_01341,CUST_0475,CAMP_008,2026-03-13,1,0,41.11
INT_01342,CUST_0359,CAMP_003,2024-07-25,0,0,499.72
INT_01343,CUST_0327,CAMP_002,2025-06-01,0,1,221.27
INT_01344,CUST_0090,CAMP_008,2026-05-28,0,1,20.39
INT_01345,CUST_0407,CAMP_006,2024-06-01,1,0,273.99
INT_01346,CUST_0186,CAMP_004,2026-05-18,0,0,333.76
INT_01347,CUST_0261,CAMP_006,2024-11-15,1,0,136.89
INT_01348,CUST_0115,CAMP_005,2026-05-26,0,0,247.25
INT_01349,CUST_0063,CAMP_001,2025-03-10,1,0,416.62
INT_01350,CUST_0103,CAMP_009,2025-10-21,0,1,491.63
INT_01351,CUST_0406,CAMP_004,2024-09-17,0,0,122.68
INT_01352,CUST_0072,CAMP_009,2026-02-23,1,0,112.92
INT_01353,CUST_0122,CAMP_007,2024-06-04,1,0,323.95
INT_01354,CUST_0405,CAMP_007,2025-11-24,1,0,107.98
INT_01355,CUST_0253,CAMP_004,2025-11-08,1,0,6.21
INT_01356,CUST_0014,CAMP_002,2025-09-03,1,1,121.84
INT_01357,CUST_0185,CAMP_008,2025-01-22,1,1,10.39
INT_01358,CUST_0284,CAMP_008,2025-12-29,1,1,306.11
INT_01359,CUST_0294,CAMP_010,2025-12-04,1,0,418.97
INT_01360,CUST_0189,CAMP_008,2025-10-18,1,1,207.26
INT_01361,CUST_0240,CAMP_002,2025-03-11,1,0,275.61
INT_01362,CUST_0412,CAMP_008,2025-04-10,0,1,284.04
INT_01363,CUST_0283,CAMP_008,2025-07-29,1,0,206.16
INT_01364,CUST_0067,CAMP_006,2025-10-01,0,0,423.95
INT_01365,CUST_0314,CAMP_002,2025-01-01,0,0,290.45
INT_01366,CUST_0453,CAMP_008,2025-01-14,1,0,313.63
INT_01367,CUST_0045,CAMP_001,2025-05-04,1,0,444.3
INT_01368,CUST_0034,CAMP_002,2025-02-07,1,0,489.57
INT_01369,CUST_0159,CAMP_007,2025-04-11,0,0,373.4
INT_01370,CUST_0204,CAMP_007,2025-03-14,0,0,353.37
INT_01371,CUST_0368,CAMP_001,2025-10-27,0,1,490.96
INT_01372,CUST_0369,CAMP_009,2025-05-22,0,0,401.71
INT_01373,CUST_0246,CAMP_009,2026-03-16,0,1,131.78
INT_01374,CUST_0270,CAMP_001,2024-11-01,0,0,185.11
INT_01375,CUST_0211,CAMP_002,2024-06-02,1,0,450.03
INT_01376,CUST_0394,CAMP_010,2025-11-04,0,1,468.46
INT_01377,CUST_0210,CAMP_010,2025-09-04,0,0,160.08
INT_01378,CUST_0422,CAMP_005,2026-05-16,1,0,178.54
INT_01379,CUST_0295,CAMP_009,2025-09-06,1,1,479.05
INT_01380,CUST_0038,CAMP_009,2025-03-06,0,0,67.25
INT_01381,CUST_0065,CAMP_004,2024-06-08,1,1,429.97
INT_01382,CUST_0498,CAMP_008,2025-03-01,0,0,493.13
INT_01383,CUST_0163,CAMP_006,2025-06-16,0,0,123.45
INT_01384,CUST_0329,CAMP_006,2025-12-13,1,0,269.14
INT_01385,CUST_0038,CAMP_001,2025-02-07,1,0,64.38
INT_01386,CUST_0231,CAMP_004,2025-05-09,0,1,490.51
INT_01387,CUST_0239,CAMP_008,2026-02-02,1,0,392.11
INT_01388,CUST_0349,CAMP_006,2026-02-06,1,1,253.73
INT_01389,CUST_0265,CAMP_009,2025-07-29,1,0,237.87
INT_01390,CUST_0177,CAMP_010,2024-12-30,1,0,156.74
INT_01391,CUST_0066,CAMP_010,2024-11-29,1,0,403.63
INT_01392,CUST_0450,CAMP_008,2025-07-22,0,0,302.05
INT_01393,CUST_0425,CAMP_006,2026-04-09,0,0,360.05
INT_01394,CUST_0400,CAMP_008,2025-08-18,1,0,358.78
INT_01395,CUST_0283,CAMP_002,2025-03-22,0,0,322.48
INT_01396,CUST_0328,CAMP_002,2025-05-01,1,0,277.04
INT_01397,CUST_0301,CAMP_004,2024-09-10,1,0,492.54
INT_01398,CUST_0094,CAMP_001,2025-02-20,1,0,232.64
INT_01399,CUST_0394,CAMP_006,2025-04-27,1,0,287.13
INT_01400,CUST_0495,CAMP_006,2024-07-14,1,1,26.6
INT_01401,CUST_0067,CAMP_005,2025-08-08,1,1,309.4
INT_01402,CUST_0222,CAMP_009,2024-07-29,0,1,248.57
INT_01403,CUST_0258,CAMP_009,2024-11-20,0,1,218.09
INT_01404,CUST_0467,CAMP_006,2025-07-16,0,0,476.58
INT_01405,CUST_0445,CAMP_002,2024-08-10,1,0,85.67
INT_01406,CUST_0029,CAMP_001,2025-12-29,0,1,279.98
INT_01407,CUST_0426,CAMP_003,2025-05-27,1,0,279.5
INT_01408,CUST_0064,CAMP_008,2026-01-22,1,0,28.77
INT_01409,CUST_0266,CAMP_003,2025-08-04,0,0,173.8
INT_01410,CUST_0079,CAMP_007,2024-11-07,1,1,433.79
INT_01411,CUST_0156,CAMP_002,2025-03-12,1,1,73.94
INT_01412,CUST_0085,CAMP_005,2024-10-28,1,0,341.0
INT_01413,CUST_0083,CAMP_010,2025-11-15,0,0,32.71
INT_01414,CUST_0166,CAMP_004,2026-03-17,1,0,359.43
INT_01415,CUST_0479,CAMP_004,2025-11-20,1,1,284.88
INT_01416,CUST_0364,CAMP_002,2024-06-24,1,1,473.68
INT_01417,CUST_0116,CAMP_007,2025-08-21,0,0,363.88
INT_01418,CUST_0178,CAMP_004,2026-01-18,0,1,356.81
INT_01419,CUST_0486,CAMP_008,2025-10-25,1,0,245.4
INT_01420,CUST_0482,CAMP_004,2025-03-18,1,0,352.11
INT_01421,CUST_0266,CAMP_006,2025-02-01,1,0,471.37
INT_01422,CUST_0459,CAMP_002,2025-11-12,1,0,493.1
INT_01423,CUST_0146,CAMP_007,2024-09-26,1,0,107.6
INT_01424,CUST_0434,CAMP_001,2026-02-05,1,0,226.06
INT_01425,CUST_0041,CAMP_010,2025-06-19,1,1,269.2
INT_01426,CUST_0129,CAMP_002,2026-03-25,0,0,337.33
INT_01427,CUST_0101,CAMP_008,2026-04-03,0,1,165.27
INT_01428,CUST_0326,CAMP_008,2024-11-17,0,0,284.93
INT_01429,CUST_0490,CAMP_010,2025-06-20,0,1,437.98
INT_01430,CUST_0283,CAMP_009,2025-06-27,1,0,473.13
INT_01431,CUST_0141,CAMP_003,2024-07-30,1,0,72.12
INT_01432,CUST_0065,CAMP_008,2025-04-07,0,1,269.81
INT_01433,CUST_0321,CAMP_001,2025-05-04,1,0,340.66
INT_01434,CUST_0156,CAMP_009,2025-09-27,1,0,157.23
INT_01435,CUST_0315,CAMP_001,2024-10-03,0,1,3.39
INT_01436,CUST_0274,CAMP_009,2026-03-31,1,1,304.8
INT_01437,CUST_0048,CAMP_007,2025-08-28,1,0,356.06
INT_01438,CUST_0258,CAMP_010,2024-11-28,1,0,179.17
INT_01439,CUST_0329,CAMP_008,2025-08-24,1,1,59.84
INT_01440,CUST_0087,CAMP_009,2025-10-28,1,0,488.68
INT_01441,CUST_0304,CAMP_003,2025-01-11,0,0,306.93
INT_01442,CUST_0483,CAMP_010,2026-01-30,0,1,264.89
INT_01443,CUST_0298,CAMP_003,2024-06-23,0,1,365.19
INT_01444,CUST_0079,CAMP_003,2024-09-06,0,1,366.28
INT_01445,CUST_0088,CAMP_002,2026-03-26,1,0,124.4
INT_01446,CUST_0338,CAMP_007,2026-01-26,0,0,300.76
INT_01447,CUST_0320,CAMP_010,2025-02-26,0,0,379.41
INT_01448,CUST_0369,CAMP_010,2025-06-17,1,0,89.67
INT_01449,CUST_0462,CAMP_006,2025-03-21,0,0,90.62
INT_01450,CUST_0310,CAMP_009,2024-07-08,1,0,324.7
INT_01451,CUST_0173,CAMP_007,2024-08-28,0,0,247.49
INT_01452,CUST_0432,CAMP_007,2025-12-09,0,1,59.75
INT_01453,CUST_0474,CAMP_010,2026-03-28,1,0,44.55
INT_01454,CUST_0289,CAMP_004,2024-12-30,0,0,473.07
INT_01455,CUST_0022,CAMP_005,2024-06-03,1,1,287.0
INT_01456,CUST_0423,CAMP_007,2025-03-13,1,0,474.51
INT_01457,CUST_0443,CAMP_006,2026-01-23,1,0,193.73
INT_01458,CUST_0015,CAMP_005,2025-11-28,1,0,203.79
INT_01459,CUST_0042,CAMP_008,2024-07-09,0,0,348.21
INT_01460,CUST_0024,CAMP_003,2024-09-15,1,0,69.25
INT_01461,CUST_0486,CAMP_003,2026-04-04,0,0,171.65
INT_01462,CUST_0329,CAMP_007,2024-12-28,1,0,47.93
INT_01463,CUST_0395,CAMP_010,2025-02-03,1,0,177.58
INT_01464,CUST_0296,CAMP_009,2025-02-06,1,1,353.63
INT_01465,CUST_0136,CAMP_005,2025-11-21,1,0,439.53
INT_01466,CUST_0334,CAMP_009,2025-02-10,0,1,249.84
INT_01467,CUST_0108,CAMP_006,2025-05-07,1,0,92.28
INT_01468,CUST_0393,CAMP_009,2025-05-29,0,1,200.71
INT_01469,CUST_0293,CAMP_004,2025-01-01,0,0,113.32
INT_01470,CUST_0214,CAMP_004,2025-07-13,1,1,492.82
INT_01471,CUST_0317,CAMP_004,2025-07-28,1,0,316.5
INT_01472,CUST_0328,CAMP_010,2025-04-03,1,1,169.86
INT_01473,CUST_0016,CAMP_005,2025-10-02,0,0,375.91
INT_01474,CUST_0255,CAMP_006,2025-03-17,1,1,261.93
INT_01475,CUST_0456,CAMP_003,2025-06-25,1,0,10.2
INT_01476,CUST_0322,CAMP_003,2026-04-28,1,0,303.08
INT_01477,CUST_0280,CAMP_009,2025-05-25,0,1,491.01
INT_01478,CUST_0149,CAMP_009,2025-05-13,1,0,29.57
INT_01479,CUST_0329,CAMP_006,2024-10-03,0,0,186.57
INT_01480,CUST_0490,CAMP_002,2025-03-22,0,0,84.26
INT_01481,CUST_0155,CAMP_006,2025-11-03,1,0,481.8
INT_01482,CUST_0248,CAMP_009,2024-11-20,1,1,264.56
INT_01483,CUST_0126,CAMP_008,2026-04-16,0,0,2.33
INT_01484,CUST_0413,CAMP_010,2025-02-05,1,0,192.38
INT_01485,CUST_0414,CAMP_010,2026-03-01,1,0,13.83
INT_01486,CUST_0351,CAMP_007,2025-12-17,0,0,452.57
INT_01487,CUST_0208,CAMP_009,2025-04-21,0,0,281.68
INT_01488,CUST_0153,CAMP_005,2025-07-22,0,0,429.68
INT_01489,CUST_0233,CAMP_007,2025-11-20,1,0,477.86
INT_01490,CUST_0038,CAMP_001,2025-09-13,1,1,94.24
INT_01491,CUST_0353,CAMP_009,2025-08-27,0,0,310.44
INT_01492,CUST_0031,CAMP_002,2025-04-22,1,0,90.89
INT_01493,CUST_0081,CAMP_001,2025-03-10,1,0,109.19
INT_01494,CUST_0226,CAMP_007,2025-08-03,0,0,172.62
INT_01495,CUST_0213,CAMP_003,2025-03-05,1,1,436.05
INT_01496,CUST_0248,CAMP_001,2026-03-07,0,0,456.31
INT_01497,CUST_0238,CAMP_001,2025-05-07,1,0,299.86
INT_01498,CUST_0105,CAMP_004,2025-05-19,1,1,286.99
INT_01499,CUST_0175,CAMP_005,2025-03-17,1,0,445.72
INT_01500,CUST_0311,CAMP_003,2025-02-03,1,0,353.18
INT_01501,CUST_0074,CAMP_005,2026-05-12,0,0,439.84
INT_01502,CUST_0161,CAMP_005,2026-02-10,1,0,88.75
INT_01503,CUST_0442,CAMP_003,2025-05-22,1,0,74.42
INT_01504,CUST_0368,CAMP_001,2024-06-24,1,0,409.5
INT_01505,CUST_0164,CAMP_005,2026-03-10,1,0,15.17
INT_01506,CUST_0376,CAMP_004,2024-10-29,0,1,19.39
INT_01507,CUST_0441,CAMP_009,2025-12-25,0,0,268.79
INT_01508,CUST_0177,CAMP_001,2025-01-16,0,0,479.02
INT_01509,CUST_0500,CAMP_006,2025-04-11,1,0,470.35
INT_01510,CUST_0205,CAMP_008,2025-02-15,0,0,403.6
INT_01511,CUST_0067,CAMP_002,2024-12-23,1,0,155.83
INT_01512,CUST_0390,CAMP_010,2024-09-15,1,0,145.72
INT_01513,CUST_0190,CAMP_009,2025-07-08,1,0,174.53
INT_01514,CUST_0264,CAMP_004,2026-02-28,0,0,90.21
INT_01515,CUST_0288,CAMP_009,2024-10-22,0,1,259.24
INT_01516,CUST_0055,CAMP_007,2026-02-26,1,0,450.12
INT_01517,CUST_0164,CAMP_004,2025-05-04,1,0,248.83
INT_01518,CUST_0124,CAMP_009,2024-11-30,0,0,301.75
INT_01519,CUST_0239,CAMP_005,2025-10-25,0,0,498.67
INT_01520,CUST_0063,CAMP_001,2025-08-08,0,0,460.0
INT_01521,CUST_0137,CAMP_007,2025-09-01,1,0,468.91
INT_01522,CUST_0231,CAMP_007,2025-02-07,1,0,464.3
INT_01523,CUST_0127,CAMP_007,2025-10-02,1,0,273.99
INT_01524,CUST_0073,CAMP_006,2026-02-21,1,1,194.42
INT_01525,CUST_0050,CAMP_009,2024-06-25,0,0,223.97
INT_01526,CUST_0026,CAMP_001,2024-11-12,0,0,58.19
INT_01527,CUST_0149,CAMP_001,2024-08-21,1,1,277.23
INT_01528,CUST_0485,CAMP_005,2025-06-20,1,0,169.17
INT_01529,CUST_0197,CAMP_004,2024-07-10,1,1,182.85
INT_01530,CUST_0443,CAMP_010,2026-02-11,0,0,119.73
INT_01531,CUST_0316,CAMP_008,2024-12-06,1,1,408.79
INT_01532,CUST_0215,CAMP_004,2024-09-02,0,0,94.17
INT_01533,CUST_0128,CAMP_006,2026-05-03,1,1,202.14
INT_01534,CUST_0493,CAMP_010,2026-04-30,0,0,179.16
INT_01535,CUST_0444,CAMP_009,2025-10-03,0,0,458.31
INT_01536,CUST_0462,CAMP_010,2024-10-27,0,1,460.56
INT_01537,CUST_0082,CAMP_004,2025-05-24,0,1,405.45
INT_01538,CUST_0417,CAMP_004,2025-12-22,0,0,454.83
INT_01539,CUST_0168,CAMP_005,2025-11-24,0,1,353.82
INT_01540,CUST_0479,CAMP_008,2025-12-20,1,0,419.53
INT_01541,CUST_0296,CAMP_003,2025-07-21,1,0,49.39
INT_01542,CUST_0370,CAMP_002,2025-11-28,1,0,259.92
INT_01543,CUST_0161,CAMP_003,2025-10-24,1,0,331.76
INT_01544,CUST_0098,CAMP_003,2026-03-07,1,0,160.28
INT_01545,CUST_0391,CAMP_009,2025-02-13,0,0,263.67
INT_01546,CUST_0082,CAMP_002,2026-04-30,0,0,287.54
INT_01547,CUST_0256,CAMP_007,2025-12-13,0,0,265.96
INT_01548,CUST_0264,CAMP_001,2025-09-10,1,0,197.09
INT_01549,CUST_0240,CAMP_007,2025-10-11,0,1,273.19
INT_01550,CUST_0256,CAMP_005,2024-10-14,0,0,100.47
INT_01551,CUST_0451,CAMP_009,2026-03-26,1,0,160.16
INT_01552,CUST_0158,CAMP_005,2025-03-10,1,0,223.95
INT_01553,CUST_0255,CAMP_003,2025-10-26,0,0,99.02
INT_01554,CUST_0012,CAMP_003,2024-11-30,0,0,472.12
INT_01555,CUST_0047,CAMP_010,2024-12-05,1,0,213.16
INT_01556,CUST_0484,CAMP_005,2024-07-12,0,0,217.57
INT_01557,CUST_0202,CAMP_001,2025-02-20,0,0,41.19
INT_01558,CUST_0259,CAMP_006,2025-12-24,0,0,11.92
INT_01559,CUST_0235,CAMP_008,2024-07-02,1,0,52.16
INT_01560,CUST_0495,CAMP_003,2025-08-25,1,0,280.63
INT_01561,CUST_0124,CAMP_001,2026-01-23,0,0,304.83
INT_01562,CUST_0111,CAMP_003,2024-10-24,1,0,152.95
INT_01563,CUST_0299,CAMP_006,2026-02-25,1,0,496.14
INT_01564,CUST_0181,CAMP_010,2024-11-17,0,0,385.37
INT_01565,CUST_0025,CAMP_001,2024-09-06,1,0,385.42
INT_01566,CUST_0026,CAMP_010,2025-04-07,0,0,349.45
INT_01567,CUST_0145,CAMP_005,2026-04-10,0,0,263.78
INT_01568,CUST_0254,CAMP_008,2024-06-10,0,0,20.82
INT_01569,CUST_0306,CAMP_010,2026-01-07,0,0,473.39
INT_01570,CUST_0452,CAMP_009,2025-12-22,1,1,153.56
INT_01571,CUST_0432,CAMP_006,2026-01-16,1,0,293.73
INT_01572,CUST_0335,CAMP_002,2024-12-23,0,0,450.14
INT_01573,CUST_0345,CAMP_006,2025-03-18,0,0,271.39
INT_01574,CUST_0241,CAMP_009,2025-08-19,0,0,320.47
INT_01575,CUST_0147,CAMP_004,2025-07-26,1,1,369.63
INT_01576,CUST_0275,CAMP_003,2024-08-17,1,1,267.15
INT_01577,CUST_0005,CAMP_009,2025-05-14,1,1,23.6
INT_01578,CUST_0434,CAMP_002,2025-09-06,0,1,151.47
INT_01579,CUST_0056,CAMP_009,2025-10-28,1,0,94.12
INT_01580,CUST_0221,CAMP_003,2024-08-21,0,0,482.09
INT_01581,CUST_0069,CAMP_007,2025-05-13,0,0,26.22
INT_01582,CUST_0452,CAMP_009,2026-05-04,0,0,412.7
INT_01583,CUST_0136,CAMP_009,2026-02-27,0,0,436.85
INT_01584,CUST_0373,CAMP_007,2024-10-23,0,1,369.27
INT_01585,CUST_0188,CAMP_002,2026-05-11,1,0,261.99
INT_01586,CUST_0392,CAMP_006,2025-03-16,1,0,89.15
INT_01587,CUST_0207,CAMP_004,2024-07-31,1,0,185.41
INT_01588,CUST_0188,CAMP_004,2025-03-14,1,0,349.59
INT_01589,CUST_0024,CAMP_006,2024-09-19,0,1,455.33
INT_01590,CUST_0206,CAMP_006,2024-06-23,1,1,49.33
INT_01591,CUST_0027,CAMP_006,2025-09-14,1,1,474.98
INT_01592,CUST_0292,CAMP_005,2025-12-06,0,1,446.18
INT_01593,CUST_0288,CAMP_004,2025-11-14,1,0,356.21
INT_01594,CUST_0100,CAMP_010,2025-08-05,1,0,36.48
INT_01595,CUST_0186,CAMP_009,2025-03-12,1,0,101.8
INT_01596,CUST_0284,CAMP_008,2025-04-05,0,1,103.37
INT_01597,CUST_0148,CAMP_009,2025-03-21,1,1,320.21
INT_01598,CUST_0038,CAMP_001,2025-04-04,0,0,7.8
INT_01599,CUST_0198,CAMP_002,2025-11-14,1,0,461.04
INT_01600,CUST_0259,CAMP_006,2025-04-08,1,0,103.01
INT_01601,CUST_0231,CAMP_008,2025-03-22,1,0,344.69
INT_01602,CUST_0392,CAMP_004,2024-09-08,1,1,462.16
INT_01603,CUST_0282,CAMP_010,2025-05-05,0,0,2.37
INT_01604,CUST_0144,CAMP_010,2026-03-26,0,0,120.19
INT_01605,CUST_0423,CAMP_004,2026-05-09,0,0,406.82
INT_01606,CUST_0320,CAMP_001,2024-12-04,0,1,415.65
INT_01607,CUST_0349,CAMP_006,2026-01-14,1,0,492.2
INT_01608,CUST_0313,CAMP_007,2025-10-26,1,0,493.54
INT_01609,CUST_0061,CAMP_002,2024-09-12,1,1,413.29
INT_01610,CUST_0066,CAMP_007,2025-03-01,1,0,185.89
INT_01611,CUST_0500,CAMP_005,2025-01-04,0,0,418.89
INT_01612,CUST_0050,CAMP_009,2024-10-07,0,0,22.38
INT_01613,CUST_0202,CAMP_005,2024-08-06,1,0,70.83
INT_01614,CUST_0192,CAMP_001,2026-02-16,1,1,123.09
INT_01615,CUST_0407,CAMP_009,2024-07-04,0,0,334.27
INT_01616,CUST_0174,CAMP_006,2025-01-05,1,0,440.97
INT_01617,CUST_0286,CAMP_009,2024-08-05,1,0,211.42
INT_01618,CUST_0481,CAMP_009,2025-03-03,1,0,285.27
INT_01619,CUST_0188,CAMP_008,2025-09-30,0,0,431.87
INT_01620,CUST_0387,CAMP_008,2026-04-05,0,0,313.1
INT_01621,CUST_0074,CAMP_001,2025-06-12,1,0,102.44
INT_01622,CUST_0102,CAMP_005,2024-08-02,0,0,439.34
INT_01623,CUST_0309,CAMP_004,2025-03-31,0,0,368.32
INT_01624,CUST_0261,CAMP_006,2025-04-10,1,0,136.31
INT_01625,CUST_0206,CAMP_009,2025-10-11,1,0,345.14
INT_01626,CUST_0257,CAMP_002,2026-02-14,1,0,207.94
INT_01627,CUST_0021,CAMP_002,2024-06-07,0,0,206.82
INT_01628,CUST_0024,CAMP_003,2025-07-21,1,0,139.04
INT_01629,CUST_0020,CAMP_009,2026-03-20,0,0,450.54
INT_01630,CUST_0071,CAMP_009,2024-10-14,1,1,408.36
INT_01631,CUST_0366,CAMP_001,2025-01-16,1,0,244.11
INT_01632,CUST_0171,CAMP_002,2025-02-23,1,0,300.06
INT_01633,CUST_0412,CAMP_004,2024-06-24,1,0,313.27
INT_01634,CUST_0243,CAMP_004,2025-05-27,1,1,197.73
INT_01635,CUST_0266,CAMP_007,2025-07-25,0,0,348.0
INT_01636,CUST_0234,CAMP_002,2025-03-04,0,0,224.56
INT_01637,CUST_0077,CAMP_004,2026-04-08,1,0,331.48
INT_01638,CUST_0311,CAMP_009,2025-02-13,0,0,111.49
INT_01639,CUST_0458,CAMP_007,2026-04-03,1,0,318.8
INT_01640,CUST_0264,CAMP_002,2025-01-02,1,0,57.64
INT_01641,CUST_0072,CAMP_003,2025-03-06,1,1,451.11
INT_01642,CUST_0168,CAMP_001,2025-07-14,1,1,244.27
INT_01643,CUST_0477,CAMP_008,2026-01-18,0,0,91.68
INT_01644,CUST_0314,CAMP_006,2025-07-11,0,0,163.69
INT_01645,CUST_0164,CAMP_001,2026-01-11,0,0,471.75
INT_01646,CUST_0084,CAMP_002,2024-12-10,1,0,128.25
INT_01647,CUST_0202,CAMP_002,2025-06-11,0,0,340.45
INT_01648,CUST_0316,CAMP_001,2024-06-17,0,1,465.31
INT_01649,CUST_0379,CAMP_003,2025-07-24,1,1,199.1
INT_01650,CUST_0432,CAMP_005,2025-08-17,0,0,268.13
INT_01651,CUST_0154,CAMP_009,2025-09-19,1,0,142.35
INT_01652,CUST_0304,CAMP_002,2024-09-28,1,1,285.05
INT_01653,CUST_0173,CAMP_010,2024-10-02,0,0,54.25
INT_01654,CUST_0260,CAMP_004,2026-05-01,0,0,59.7
INT_01655,CUST_0425,CAMP_005,2024-08-28,0,1,411.44
INT_01656,CUST_0261,CAMP_007,2025-03-02,0,0,442.01
INT_01657,CUST_0273,CAMP_007,2026-04-18,0,0,475.1
INT_01658,CUST_0251,CAMP_008,2025-06-22,1,1,277.37
INT_01659,CUST_0363,CAMP_007,2024-11-04,1,0,248.98
INT_01660,CUST_0289,CAMP_007,2025-09-02,1,0,63.56
INT_01661,CUST_0154,CAMP_006,2025-02-10,1,0,497.78
INT_01662,CUST_0244,CAMP_001,2026-04-07,0,0,234.48
INT_01663,CUST_0418,CAMP_007,2025-10-02,1,0,54.67
INT_01664,CUST_0009,CAMP_002,2024-11-01,0,1,114.32
INT_01665,CUST_0189,CAMP_009,2025-02-17,1,0,416.55
INT_01666,CUST_0170,CAMP_001,2025-05-10,1,0,92.24
INT_01667,CUST_0345,CAMP_010,2025-08-25,0,1,381.27
INT_01668,CUST_0057,CAMP_002,2026-04-07,0,0,403.2
INT_01669,CUST_0214,CAMP_010,2025-11-17,1,0,120.88
INT_01670,CUST_0299,CAMP_001,2025-07-29,1,0,307.66
INT_01671,CUST_0158,CAMP_002,2024-12-20,0,0,219.05
INT_01672,CUST_0408,CAMP_006,2024-06-25,1,0,71.38
INT_01673,CUST_0461,CAMP_009,2024-11-04,1,1,298.5
INT_01674,CUST_0372,CAMP_002,2025-07-07,0,0,20.53
INT_01675,CUST_0447,CAMP_005,2024-07-25,0,1,466.81
INT_01676,CUST_0353,CAMP_005,2025-12-04,0,0,383.4
INT_01677,CUST_0323,CAMP_010,2024-08-16,0,0,94.48
INT_01678,CUST_0014,CAMP_002,2025-09-23,0,0,105.22
INT_01679,CUST_0306,CAMP_005,2024-08-21,1,0,158.96
INT_01680,CUST_0243,CAMP_008,2026-05-30,0,1,284.4
INT_01681,CUST_0136,CAMP_007,2024-09-25,1,0,474.29
INT_01682,CUST_0496,CAMP_007,2026-03-21,0,0,170.67
INT_01683,CUST_0336,CAMP_001,2024-12-08,0,1,475.21
INT_01684,CUST_0401,CAMP_008,2025-05-04,1,0,460.92
INT_01685,CUST_0498,CAMP_003,2025-08-16,1,1,175.06
INT_01686,CUST_0398,CAMP_009,2026-04-02,1,0,100.32
INT_01687,CUST_0297,CAMP_004,2026-01-05,0,1,322.07
INT_01688,CUST_0296,CAMP_003,2025-02-06,0,1,195.66
INT_01689,CUST_0117,CAMP_007,2024-07-21,1,0,76.55
INT_01690,CUST_0370,CAMP_009,2026-05-10,0,0,145.9
INT_01691,CUST_0027,CAMP_005,2025-03-30,0,0,31.82
INT_01692,CUST_0299,CAMP_003,2026-05-12,0,0,91.98
INT_01693,CUST_0246,CAMP_005,2026-05-16,1,0,97.17
INT_01694,CUST_0088,CAMP_006,2024-10-24,1,0,329.01
INT_01695,CUST_0269,CAMP_001,2025-11-05,1,0,219.44
INT_01696,CUST_0323,CAMP_009,2024-12-30,0,0,435.67
INT_01697,CUST_0370,CAMP_009,2025-07-12,0,0,34.69
INT_01698,CUST_0318,CAMP_003,2024-06-14,0,0,122.89
INT_01699,CUST_0397,CAMP_002,2024-11-12,0,1,264.28
INT_01700,CUST_0431,CAMP_001,2024-08-19,1,0,278.43
INT_01701,CUST_0195,CAMP_001,2025-04-08,1,0,71.68
INT_01702,CUST_0076,CAMP_010,2026-02-08,1,0,482.09
INT_01703,CUST_0421,CAMP_010,2025-04-11,1,0,28.36
INT_01704,CUST_0349,CAMP_007,2025-04-15,0,0,342.38
INT_01705,CUST_0125,CAMP_009,2024-09-18,1,0,204.96
INT_01706,CUST_0017,CAMP_009,2026-05-02,0,0,267.14
INT_01707,CUST_0294,CAMP_002,2026-01-21,0,0,309.29
INT_01708,CUST_0486,CAMP_005,2025-02-10,1,0,84.96
INT_01709,CUST_0359,CAMP_004,2025-04-08,0,0,466.4
INT_01710,CUST_0057,CAMP_006,2025-09-09,1,0,185.19
INT_01711,CUST_0098,CAMP_004,2025-07-28,0,0,71.74
INT_01712,CUST_0010,CAMP_007,2025-08-29,1,0,51.9
INT_01713,CUST_0226,CAMP_009,2026-05-28,0,0,116.83
INT_01714,CUST_0161,CAMP_003,2025-11-17,0,0,190.61
INT_01715,CUST_0215,CAMP_003,2026-03-10,1,1,281.36
INT_01716,CUST_0078,CAMP_003,2024-08-18,1,0,406.85
INT_01717,CUST_0212,CAMP_004,2026-02-10,0,0,384.35
INT_01718,CUST_0354,CAMP_010,2025-10-29,1,0,59.82
INT_01719,CUST_0105,CAMP_005,2026-05-10,0,1,112.26
INT_01720,CUST_0211,CAMP_004,2026-05-16,1,0,314.14
INT_01721,CUST_0257,CAMP_002,2026-02-20,1,0,281.82
INT_01722,CUST_0397,CAMP_003,2024-06-14,0,0,36.96
INT_01723,CUST_0314,CAMP_010,2024-08-04,0,0,324.43
INT_01724,CUST_0472,CAMP_001,2024-09-29,1,1,455.41
INT_01725,CUST_0242,CAMP_009,2026-01-18,0,1,468.61
INT_01726,CUST_0447,CAMP_008,2024-09-04,1,0,322.4
INT_01727,CUST_0435,CAMP_009,2025-12-07,1,0,141.23
INT_01728,CUST_0377,CAMP_002,2025-10-21,0,1,308.02
INT_01729,CUST_0373,CAMP_005,2024-08-16,1,1,224.84
INT_01730,CUST_0032,CAMP_002,2025-09-11,1,0,374.03
INT_01731,CUST_0362,CAMP_005,2026-03-26,1,0,341.44
INT_01732,CUST_0071,CAMP_002,2026-01-13,0,1,306.3
INT_01733,CUST_0266,CAMP_004,2024-09-14,0,0,172.57
INT_01734,CUST_0107,CAMP_010,2026-04-02,0,0,493.99
INT_01735,CUST_0288,CAMP_008,2024-07-06,0,0,227.49
INT_01736,CUST_0167,CAMP_006,2024-09-13,1,0,459.71
INT_01737,CUST_0340,CAMP_006,2025-08-12,0,0,76.57
INT_01738,CUST_0245,CAMP_003,2024-12-13,1,0,268.23
INT_01739,CUST_0270,CAMP_004,2026-04-14,1,0,180.07
INT_01740,CUST_0193,CAMP_002,2025-11-02,0,0,72.2
INT_01741,CUST_0161,CAMP_005,2025-01-10,0,0,318.55
INT_01742,CUST_0490,CAMP_010,2025-05-01,1,0,87.18
INT_01743,CUST_0089,CAMP_002,2026-05-19,1,1,483.69
INT_01744,CUST_0236,CAMP_004,2026-01-19,1,0,499.57
INT_01745,CUST_0468,CAMP_006,2024-09-10,1,0,440.97
INT_01746,CUST_0273,CAMP_008,2025-12-04,1,0,184.04
INT_01747,CUST_0176,CAMP_008,2025-12-28,0,0,10.47
INT_01748,CUST_0280,CAMP_006,2024-11-05,0,1,402.73
INT_01749,CUST_0182,CAMP_010,2025-05-26,0,1,71.99
INT_01750,CUST_0347,CAMP_005,2026-04-05,1,0,229.97
INT_01751,CUST_0396,CAMP_010,2026-02-26,0,1,355.34
INT_01752,CUST_0445,CAMP_003,2024-07-22,1,0,270.75
INT_01753,CUST_0370,CAMP_010,2025-05-17,1,0,113.49
INT_01754,CUST_0349,CAMP_010,2025-04-03,1,0,201.12
INT_01755,CUST_0330,CAMP_006,2025-03-07,0,0,420.07
INT_01756,CUST_0412,CAMP_006,2025-08-23,0,0,176.47
INT_01757,CUST_0355,CAMP_007,2025-01-25,1,1,470.94
INT_01758,CUST_0136,CAMP_003,2024-12-03,1,0,210.57
INT_01759,CUST_0313,CAMP_001,2025-04-27,0,0,208.86
INT_01760,CUST_0248,CAMP_006,2026-03-08,1,0,366.72
INT_01761,CUST_0099,CAMP_004,2026-03-18,0,0,221.95
INT_01762,CUST_0491,CAMP_004,2025-09-16,1,0,194.22
INT_01763,CUST_0127,CAMP_007,2025-04-14,0,1,181.78
INT_01764,CUST_0143,CAMP_005,2025-08-27,0,1,163.01
INT_01765,CUST_0286,CAMP_006,2025-12-31,1,0,199.44
INT_01766,CUST_0153,CAMP_003,2024-09-06,1,1,361.65
INT_01767,CUST_0116,CAMP_006,2024-08-31,1,0,102.96
INT_01768,CUST_0483,CAMP_008,2024-12-19,1,0,108.48
INT_01769,CUST_0499,CAMP_008,2025-08-03,1,0,95.48
INT_01770,CUST_0153,CAMP_008,2025-06-29,1,1,97.3
INT_01771,CUST_0395,CAMP_006,2025-06-27,1,0,436.8
INT_01772,CUST_0148,CAMP_005,2024-09-17,1,0,329.66
INT_01773,CUST_0361,CAMP_008,2025-03-13,1,0,309.44
INT_01774,CUST_0107,CAMP_009,2025-03-20,0,0,450.18
INT_01775,CUST_0354,CAMP_002,2025-12-19,1,1,274.1
INT_01776,CUST_0361,CAMP_003,2025-05-14,1,0,381.99
INT_01777,CUST_0251,CAMP_010,2025-08-19,0,0,204.1
INT_01778,CUST_0163,CAMP_002,2025-06-23,1,0,322.0
INT_01779,CUST_0246,CAMP_005,2026-05-22,0,0,106.76
INT_01780,CUST_0179,CAMP_003,2025-09-18,0,1,70.67
INT_01781,CUST_0287,CAMP_009,2025-12-02,0,0,54.33
INT_01782,CUST_0479,CAMP_004,2025-06-22,0,0,326.12
INT_01783,CUST_0479,CAMP_005,2024-09-13,0,0,150.16
INT_01784,CUST_0408,CAMP_002,2026-02-03,0,1,416.44
INT_01785,CUST_0370,CAMP_002,2025-07-13,0,1,387.29
INT_01786,CUST_0141,CAMP_001,2025-06-03,1,0,311.8
INT_01787,CUST_0148,CAMP_009,2024-08-18,1,0,25.44
INT_01788,CUST_0063,CAMP_001,2025-08-06,0,0,108.59
INT_01789,CUST_0294,CAMP_010,2024-12-19,1,0,275.85
INT_01790,CUST_0347,CAMP_010,2025-11-20,1,0,78.36
INT_01791,CUST_0279,CAMP_007,2025-09-10,0,1,192.15
INT_01792,CUST_0195,CAMP_010,2025-07-18,1,0,258.75
INT_01793,CUST_0459,CAMP_004,2025-07-08,0,0,90.16
INT_01794,CUST_0203,CAMP_001,2024-10-08,1,1,221.49
INT_01795,CUST_0420,CAMP_009,2024-07-04,1,1,346.98
INT_01796,CUST_0177,CAMP_005,2024-11-22,1,0,192.99
INT_01797,CUST_0489,CAMP_009,2026-04-07,1,0,333.5
INT_01798,CUST_0396,CAMP_009,2025-01-27,1,1,136.66
INT_01799,CUST_0412,CAMP_008,2025-03-29,0,0,372.99
INT_01800,CUST_0075,CAMP_003,2024-09-09,0,0,281.68
INT_01801,CUST_0149,CAMP_006,2024-08-15,0,0,77.93
INT_01802,CUST_0022,CAMP_007,2025-04-02,1,0,200.94
INT_01803,CUST_0148,CAMP_004,2024-12-25,0,1,390.93
INT_01804,CUST_0490,CAMP_010,2025-09-05,0,1,98.9
INT_01805,CUST_0366,CAMP_005,2025-04-30,1,0,205.64
INT_01806,CUST_0041,CAMP_003,2025-04-17,0,0,234.29
INT_01807,CUST_0178,CAMP_008,2025-08-23,0,0,434.02
INT_01808,CUST_0474,CAMP_009,2025-11-05,1,1,65.28
INT_01809,CUST_0227,CAMP_009,2025-05-09,0,0,465.63
INT_01810,CUST_0336,CAMP_002,2024-06-01,0,0,158.11
INT_01811,CUST_0132,CAMP_007,2024-07-21,0,1,466.51
INT_01812,CUST_0383,CAMP_006,2024-06-19,1,1,306.16
INT_01813,CUST_0246,CAMP_009,2025-12-06,0,0,367.66
INT_01814,CUST_0110,CAMP_001,2025-11-11,0,0,437.96
INT_01815,CUST_0104,CAMP_004,2024-12-18,1,0,338.09
INT_01816,CUST_0424,CAMP_010,2024-09-12,0,0,393.48
INT_01817,CUST_0276,CAMP_003,2025-01-04,1,0,42.88
INT_01818,CUST_0139,CAMP_009,2026-01-14,0,0,4.33
INT_01819,CUST_0478,CAMP_003,2024-07-10,1,0,431.12
INT_01820,CUST_0288,CAMP_008,2025-03-18,0,0,26.38
INT_01821,CUST_0357,CAMP_003,2026-03-06,1,0,426.3
INT_01822,CUST_0140,CAMP_003,2025-06-17,1,0,156.65
INT_01823,CUST_0071,CAMP_010,2025-08-15,0,0,450.9
INT_01824,CUST_0056,CAMP_010,2024-10-26,1,0,101.5
INT_01825,CUST_0316,CAMP_003,2024-09-06,0,0,75.3
INT_01826,CUST_0380,CAMP_008,2025-07-24,0,0,106.51
INT_01827,CUST_0301,CAMP_006,2025-10-17,0,1,420.34
INT_01828,CUST_0123,CAMP_001,2024-07-16,1,1,181.47
INT_01829,CUST_0125,CAMP_004,2025-06-21,1,1,454.62
INT_01830,CUST_0026,CAMP_008,2025-11-02,1,0,291.72
INT_01831,CUST_0343,CAMP_004,2024-12-05,1,0,414.13
INT_01832,CUST_0464,CAMP_002,2025-05-09,0,0,237.54
INT_01833,CUST_0272,CAMP_005,2026-03-11,1,1,351.8
INT_01834,CUST_0116,CAMP_006,2026-01-18,0,0,144.87
INT_01835,CUST_0327,CAMP_004,2025-02-19,1,0,50.75
INT_01836,CUST_0120,CAMP_001,2025-11-01,1,0,280.94
INT_01837,CUST_0027,CAMP_004,2025-12-17,0,0,450.41
INT_01838,CUST_0052,CAMP_009,2025-11-11,0,0,76.01
INT_01839,CUST_0212,CAMP_006,2024-08-11,0,0,207.59
INT_01840,CUST_0170,CAMP_007,2025-04-23,1,0,266.15
INT_01841,CUST_0368,CAMP_008,2024-08-16,1,0,309.14
INT_01842,CUST_0242,CAMP_008,2025-08-04,0,0,79.14
INT_01843,CUST_0052,CAMP_001,2024-07-29,0,1,276.16
INT_01844,CUST_0349,CAMP_001,2024-09-12,1,0,234.78
INT_01845,CUST_0395,CAMP_006,2025-09-18,0,0,491.65
INT_01846,CUST_0071,CAMP_002,2025-01-11,1,0,344.98
INT_01847,CUST_0003,CAMP_009,2025-11-05,1,0,451.83
INT_01848,CUST_0494,CAMP_005,2024-08-15,0,0,488.06
INT_01849,CUST_0282,CAMP_005,2024-10-21,0,0,331.93
INT_01850,CUST_0476,CAMP_010,2025-04-23,1,0,73.32
INT_01851,CUST_0081,CAMP_009,2025-11-08,0,0,222.45
INT_01852,CUST_0209,CAMP_010,2025-09-16,0,1,377.84
INT_01853,CUST_0335,CAMP_003,2025-07-30,0,0,67.8
INT_01854,CUST_0479,CAMP_007,2025-10-19,0,0,190.47
INT_01855,CUST_0451,CAMP_007,2025-08-25,1,1,189.68
INT_01856,CUST_0450,CAMP_006,2026-01-09,1,1,85.23
INT_01857,CUST_0244,CAMP_010,2025-11-24,1,0,9.98
INT_01858,CUST_0245,CAMP_002,2026-04-09,0,0,344.06
INT_01859,CUST_0334,CAMP_009,2026-05-28,0,0,408.98
INT_01860,CUST_0103,CAMP_005,2024-10-09,1,0,465.47
INT_01861,CUST_0388,CAMP_007,2025-12-23,1,0,292.45
INT_01862,CUST_0494,CAMP_004,2024-07-23,1,0,90.92
INT_01863,CUST_0148,CAMP_009,2025-04-05,1,0,446.99
INT_01864,CUST_0165,CAMP_007,2025-08-28,0,0,485.15
INT_01865,CUST_0147,CAMP_006,2025-12-20,1,1,473.3
INT_01866,CUST_0331,CAMP_006,2025-09-28,0,0,283.39
INT_01867,CUST_0031,CAMP_008,2026-04-02,1,1,442.8
INT_01868,CUST_0465,CAMP_008,2025-03-08,0,0,493.91
INT_01869,CUST_0394,CAMP_010,2025-11-24,1,1,443.25
INT_01870,CUST_0046,CAMP_001,2024-09-09,1,0,34.44
INT_01871,CUST_0334,CAMP_009,2026-02-05,1,0,67.47
INT_01872,CUST_0294,CAMP_003,2025-10-04,1,0,150.05
INT_01873,CUST_0119,CAMP_008,2024-07-27,1,0,196.81
INT_01874,CUST_0274,CAMP_003,2025-02-09,1,0,74.74
INT_01875,CUST_0379,CAMP_004,2024-06-06,0,0,496.45
INT_01876,CUST_0371,CAMP_002,2025-06-28,1,0,395.48
INT_01877,CUST_0436,CAMP_009,2025-09-14,1,0,334.45
INT_01878,CUST_0480,CAMP_005,2024-09-13,0,0,480.79
INT_01879,CUST_0020,CAMP_004,2025-06-11,1,0,160.35
INT_01880,CUST_0468,CAMP_003,2024-12-28,1,0,355.7
INT_01881,CUST_0472,CAMP_003,2025-09-18,0,1,474.38
INT_01882,CUST_0090,CAMP_003,2026-04-01,0,1,41.54
INT_01883,CUST_0214,CAMP_006,2024-07-13,1,0,301.41
INT_01884,CUST_0452,CAMP_010,2025-06-10,1,0,399.66
INT_01885,CUST_0429,CAMP_002,2026-02-11,0,1,7.98
INT_01886,CUST_0091,CAMP_004,2024-08-12,0,0,445.52
INT_01887,CUST_0479,CAMP_007,2024-12-31,1,0,208.87
INT_01888,CUST_0471,CAMP_006,2025-10-13,0,1,84.53
INT_01889,CUST_0019,CAMP_002,2024-08-22,1,0,425.63
INT_01890,CUST_0429,CAMP_008,2025-10-29,1,0,96.01
INT_01891,CUST_0204,CAMP_008,2024-05-31,1,0,140.12
INT_01892,CUST_0404,CAMP_008,2025-08-21,0,0,260.22
INT_01893,CUST_0254,CAMP_004,2024-10-14,1,1,457.96
INT_01894,CUST_0096,CAMP_010,2025-02-06,1,0,244.8
INT_01895,CUST_0480,CAMP_003,2024-10-12,0,0,452.91
INT_01896,CUST_0384,CAMP_007,2024-07-03,0,0,26.01
INT_01897,CUST_0493,CAMP_001,2025-05-05,1,0,119.4
INT_01898,CUST_0447,CAMP_004,2025-08-20,0,1,153.32
INT_01899,CUST_0475,CAMP_001,2026-04-22,1,0,224.47
INT_01900,CUST_0149,CAMP_003,2024-10-27,1,0,216.47
INT_01901,CUST_0449,CAMP_010,2025-05-19,0,0,20.23
INT_01902,CUST_0020,CAMP_010,2024-08-02,0,1,375.0
INT_01903,CUST_0005,CAMP_003,2025-08-14,0,0,379.88
INT_01904,CUST_0153,CAMP_003,2025-06-20,0,0,229.04
INT_01905,CUST_0291,CAMP_009,2026-01-20,1,1,40.12
INT_01906,CUST_0309,CAMP_001,2025-07-31,1,0,275.64
INT_01907,CUST_0055,CAMP_010,2025-03-09,0,0,65.32
INT_01908,CUST_0476,CAMP_003,2025-11-15,1,0,489.12
INT_01909,CUST_0172,CAMP_001,2026-02-01,1,0,312.08
INT_01910,CUST_0146,CAMP_003,2024-09-18,1,1,367.32
INT_01911,CUST_0233,CAMP_005,2025-04-25,1,0,9.61
INT_01912,CUST_0329,CAMP_003,2025-03-26,0,0,190.34
INT_01913,CUST_0279,CAMP_009,2025-09-26,0,1,452.27
INT_01914,CUST_0269,CAMP_007,2025-10-07,0,0,190.01
INT_01915,CUST_0253,CAMP_010,2026-04-21,1,0,17.99
INT_01916,CUST_0456,CAMP_010,2025-12-04,0,0,335.95
INT_01917,CUST_0481,CAMP_001,2026-02-21,0,0,348.43
INT_01918,CUST_0069,CAMP_005,2025-11-29,1,1,167.82
INT_01919,CUST_0436,CAMP_002,2024-07-06,0,1,401.57
INT_01920,CUST_0259,CAMP_004,2025-11-06,0,0,426.81
INT_01921,CUST_0240,CAMP_008,2025-06-07,1,0,392.06
INT_01922,CUST_0140,CAMP_010,2025-05-24,1,0,203.6
INT_01923,CUST_0099,CAMP_008,2026-03-04,1,0,171.06
INT_01924,CUST_0415,CAMP_008,2025-12-06,1,0,471.45
INT_01925,CUST_0058,CAMP_003,2024-06-23,1,0,359.56
INT_01926,CUST_0170,CAMP_004,2026-05-21,1,1,276.19
INT_01927,CUST_0084,CAMP_007,2025-09-02,1,1,244.42
INT_01928,CUST_0375,CAMP_010,2024-08-26,0,0,133.34
INT_01929,CUST_0235,CAMP_003,2025-01-12,0,0,456.68
INT_01930,CUST_0332,CAMP_010,2025-09-26,0,0,459.39
INT_01931,CUST_0132,CAMP_003,2025-03-31,0,0,42.4
INT_01932,CUST_0368,CAMP_010,2025-08-02,1,1,333.11
INT_01933,CUST_0096,CAMP_009,2025-08-28,0,0,159.31
INT_01934,CUST_0008,CAMP_005,2025-02-06,1,1,254.4
INT_01935,CUST_0378,CAMP_003,2024-07-20,0,0,56.76
INT_01936,CUST_0173,CAMP_006,2025-04-19,0,0,405.38
INT_01937,CUST_0405,CAMP_008,2026-01-17,1,0,403.11
INT_01938,CUST_0152,CAMP_010,2024-08-20,0,0,53.52
INT_01939,CUST_0291,CAMP_010,2025-12-08,0,1,37.21
INT_01940,CUST_0346,CAMP_002,2025-07-30,0,0,186.69
INT_01941,CUST_0388,CAMP_004,2025-10-11,1,0,77.0
INT_01942,CUST_0099,CAMP_007,2024-12-19,1,0,400.73
INT_01943,CUST_0090,CAMP_007,2024-12-08,1,0,389.44
INT_01944,CUST_0313,CAMP_003,2026-05-27,1,1,431.85
INT_01945,CUST_0439,CAMP_002,2024-09-04,1,0,4.82
INT_01946,CUST_0328,CAMP_001,2024-08-02,1,0,6.72
INT_01947,CUST_0460,CAMP_004,2025-10-29,1,0,403.49
INT_01948,CUST_0208,CAMP_009,2026-02-26,1,0,435.08
INT_01949,CUST_0424,CAMP_009,2026-01-02,0,0,308.73
INT_01950,CUST_0219,CAMP_007,2026-01-15,0,1,78.12
INT_01951,CUST_0264,CAMP_003,2025-12-16,0,0,313.06
INT_01952,CUST_0168,CAMP_010,2025-04-12,0,0,435.67
INT_01953,CUST_0045,CAMP_002,2024-11-07,0,1,230.38
INT_01954,CUST_0206,CAMP_003,2025-08-24,0,0,436.7
INT_01955,CUST_0343,CAMP_008,2024-12-22,0,0,393.07
INT_01956,CUST_0049,CAMP_010,2025-11-18,0,0,52.92
INT_01957,CUST_0095,CAMP_010,2025-07-01,0,0,60.99
INT_01958,CUST_0072,CAMP_001,2025-12-10,0,0,352.07
INT_01959,CUST_0245,CAMP_009,2025-12-27,1,0,99.76
INT_01960,CUST_0166,CAMP_009,2025-08-16,0,0,373.03
INT_01961,CUST_0480,CAMP_002,2025-10-24,0,0,40.58
INT_01962,CUST_0128,CAMP_002,2025-11-09,1,0,45.85
INT_01963,CUST_0004,CAMP_008,2026-02-13,0,0,475.7
INT_01964,CUST_0134,CAMP_003,2025-12-04,0,0,1.92
INT_01965,CUST_0197,CAMP_010,2026-05-10,1,0,395.8
INT_01966,CUST_0121,CAMP_009,2026-02-12,1,1,116.54
INT_01967,CUST_0229,CAMP_001,2024-06-06,0,0,25.0
INT_01968,CUST_0386,CAMP_007,2024-12-04,1,0,39.71
INT_01969,CUST_0137,CAMP_009,2025-12-13,1,0,160.2
INT_01970,CUST_0489,CAMP_007,2025-09-06,0,0,264.67
INT_01971,CUST_0169,CAMP_006,2025-03-05,0,1,238.02
INT_01972,CUST_0155,CAMP_001,2025-10-26,0,0,98.65
INT_01973,CUST_0299,CAMP_009,2024-10-06,0,0,493.96
INT_01974,CUST_0371,CAMP_007,2026-05-21,1,1,302.73
INT_01975,CUST_0294,CAMP_004,2025-04-13,1,1,93.03
INT_01976,CUST_0006,CAMP_008,2025-05-22,1,1,144.03
INT_01977,CUST_0134,CAMP_007,2026-02-22,0,0,338.08
INT_01978,CUST_0335,CAMP_006,2026-01-25,1,0,432.5
INT_01979,CUST_0185,CAMP_010,2025-08-04,0,0,30.63
INT_01980,CUST_0355,CAMP_010,2025-04-24,0,0,92.46
INT_01981,CUST_0121,CAMP_002,2026-01-07,1,0,3.16
INT_01982,CUST_0032,CAMP_007,2026-01-06,1,1,87.93
INT_01983,CUST_0342,CAMP_003,2026-03-09,0,0,98.86
INT_01984,CUST_0061,CAMP_005,2026-02-13,1,0,71.95
INT_01985,CUST_0239,CAMP_008,2025-10-25,0,0,271.0
INT_01986,CUST_0158,CAMP_004,2024-09-03,0,0,486.36
INT_01987,CUST_0082,CAMP_002,2025-08-14,1,0,349.98
INT_01988,CUST_0208,CAMP_005,2025-09-10,1,1,351.43
INT_01989,CUST_0352,CAMP_010,2024-09-07,1,0,37.89
INT_01990,CUST_0258,CAMP_009,2024-12-17,1,0,93.52
INT_01991,CUST_0473,CAMP_007,2025-02-27,0,0,160.7
INT_01992,CUST_0459,CAMP_005,2024-11-27,1,0,495.99
INT_01993,CUST_0455,CAMP_004,2026-01-30,1,0,81.21
INT_01994,CUST_0361,CAMP_001,2024-08-15,1,1,317.65
INT_01995,CUST_0395,CAMP_001,2026-04-13,1,0,296.15
INT_01996,CUST_0160,CAMP_010,2024-12-04,0,1,300.78
INT_01997,CUST_0354,CAMP_009,2025-10-03,0,1,253.33
INT_01998,CUST_0061,CAMP_002,2025-12-20,0,0,142.7
INT_01999,CUST_0328,CAMP_009,2025-09-07,1,0,213.26
INT_02000,CUST_0470,CAMP_001,2025-04-30,1,1,412.23
INT_02001,CUST_0482,CAMP_007,2024-08-15,0,0,367.72
INT_02002,CUST_0152,CAMP_004,2025-01-23,1,0,265.28
INT_02003,CUST_0189,CAMP_006,2025-09-27,1,1,327.42
INT_02004,CUST_0315,CAMP_007,2024-06-09,1,0,484.07
INT_02005,CUST_0114,CAMP_006,2025-03-14,0,1,125.83
INT_02006,CUST_0113,CAMP_002,2025-12-03,1,1,377.15
INT_02007,CUST_0491,CAMP_003,2025-05-12,1,1,32.33
INT_02008,CUST_0069,CAMP_007,2025-05-20,1,1,31.39
INT_02009,CUST_0245,CAMP_010,2024-09-24,1,1,172.11
INT_02010,CUST_0079,CAMP_005,2025-04-15,0,0,366.46
INT_02011,CUST_0233,CAMP_005,2025-08-29,0,0,309.92
INT_02012,CUST_0383,CAMP_009,2026-05-31,1,1,408.85
INT_02013,CUST_0311,CAMP_007,2026-01-08,0,0,39.98
INT_02014,CUST_0192,CAMP_010,2025-07-04,1,0,382.22
INT_02015,CUST_0213,CAMP_006,2026-02-17,1,0,358.05
INT_02016,CUST_0360,CAMP_010,2026-05-13,1,0,6.0
INT_02017,CUST_0282,CAMP_005,2026-03-23,0,0,372.13
INT_02018,CUST_0468,CAMP_007,2025-10-12,0,0,44.12
INT_02019,CUST_0242,CAMP_004,2024-12-04,1,0,294.07
INT_02020,CUST_0388,CAMP_007,2025-09-24,1,0,458.17
INT_02021,CUST_0276,CAMP_009,2025-12-06,0,1,180.74
INT_02022,CUST_0411,CAMP_009,2025-05-06,1,0,340.54
INT_02023,CUST_0341,CAMP_008,2026-03-28,1,1,339.1
INT_02024,CUST_0423,CAMP_003,2026-02-09,1,0,32.94
INT_02025,CUST_0112,CAMP_006,2025-12-13,1,1,131.22
INT_02026,CUST_0391,CAMP_009,2026-04-24,1,1,419.86
INT_02027,CUST_0127,CAMP_009,2025-11-21,0,0,225.39
INT_02028,CUST_0349,CAMP_008,2026-05-16,0,0,371.1
INT_02029,CUST_0387,CAMP_005,2025-10-28,1,0,240.22
INT_02030,CUST_0306,CAMP_005,2025-03-31,0,0,249.85
INT_02031,CUST_0448,CAMP_010,2026-02-09,1,0,381.71
INT_02032,CUST_0404,CAMP_006,2025-03-04,0,0,156.74
INT_02033,CUST_0042,CAMP_007,2025-03-12,0,0,499.55
INT_02034,CUST_0270,CAMP_003,2024-08-17,0,0,95.14
INT_02035,CUST_0229,CAMP_002,2025-03-30,0,1,293.61
INT_02036,CUST_0271,CAMP_004,2024-08-13,1,0,21.35
INT_02037,CUST_0361,CAMP_008,2024-11-15,0,0,176.45
INT_02038,CUST_0186,CAMP_003,2026-05-14,1,0,232.47
INT_02039,CUST_0040,CAMP_002,2025-01-13,1,0,230.82
INT_02040,CUST_0470,CAMP_004,2025-04-26,1,0,461.72
INT_02041,CUST_0289,CAMP_009,2024-09-07,0,0,423.24
INT_02042,CUST_0058,CAMP_007,2026-05-31,0,1,486.14
INT_02043,CUST_0032,CAMP_006,2025-12-13,0,0,231.81
INT_02044,CUST_0425,CAMP_009,2026-05-07,0,0,449.54
INT_02045,CUST_0281,CAMP_010,2025-11-26,1,0,226.09
INT_02046,CUST_0463,CAMP_001,2024-12-09,1,0,71.04
INT_02047,CUST_0259,CAMP_003,2024-09-30,1,0,375.28
INT_02048,CUST_0104,CAMP_007,2024-08-16,0,0,209.8
INT_02049,CUST_0294,CAMP_001,2025-03-14,0,1,12.24
INT_02050,CUST_0275,CAMP_002,2025-12-18,0,0,69.72
INT_02051,CUST_0077,CAMP_003,2025-07-31,0,0,158.36
INT_02052,CUST_0085,CAMP_008,2025-03-20,1,0,494.88
INT_02053,CUST_0168,CAMP_010,2025-01-26,1,0,316.1
INT_02054,CUST_0438,CAMP_007,2026-03-08,0,0,199.71
INT_02055,CUST_0267,CAMP_002,2025-07-06,0,0,6.98
INT_02056,CUST_0227,CAMP_002,2025-12-06,0,0,395.69
INT_02057,CUST_0060,CAMP_005,2025-05-14,0,0,330.89
INT_02058,CUST_0349,CAMP_004,2024-10-20,1,0,86.39
INT_02059,CUST_0106,CAMP_006,2026-02-11,1,0,296.47
INT_02060,CUST_0368,CAMP_002,2026-02-03,1,1,91.95
INT_02061,CUST_0299,CAMP_010,2025-01-15,1,0,47.42
INT_02062,CUST_0251,CAMP_001,2026-01-13,0,1,195.65
INT_02063,CUST_0047,CAMP_007,2024-12-28,1,1,74.95
INT_02064,CUST_0461,CAMP_007,2024-12-18,0,0,168.66
INT_02065,CUST_0262,CAMP_010,2024-07-31,0,0,10.84
INT_02066,CUST_0229,CAMP_009,2026-05-19,0,0,196.12
INT_02067,CUST_0415,CAMP_005,2026-05-09,1,1,151.76
INT_02068,CUST_0029,CAMP_010,2026-04-02,1,1,477.6
INT_02069,CUST_0233,CAMP_001,2025-08-01,0,0,274.66
INT_02070,CUST_0068,CAMP_003,2025-09-17,0,0,113.87
INT_02071,CUST_0263,CAMP_008,2025-06-01,0,0,243.27
INT_02072,CUST_0213,CAMP_008,2025-07-16,0,1,361.86
INT_02073,CUST_0234,CAMP_001,2026-01-18,0,0,216.43
INT_02074,CUST_0289,CAMP_004,2024-10-24,0,1,473.67
INT_02075,CUST_0030,CAMP_009,2025-05-26,0,0,79.91
INT_02076,CUST_0287,CAMP_005,2026-04-06,0,0,484.55
INT_02077,CUST_0237,CAMP_004,2026-02-27,1,0,29.88
INT_02078,CUST_0345,CAMP_001,2025-12-28,0,0,480.72
INT_02079,CUST_0414,CAMP_010,2025-02-14,1,0,33.45
INT_02080,CUST_0158,CAMP_009,2024-07-06,1,0,161.64
INT_02081,CUST_0371,CAMP_009,2025-12-24,1,0,238.35
INT_02082,CUST_0012,CAMP_004,2026-03-23,0,1,144.66
INT_02083,CUST_0203,CAMP_010,2026-01-23,0,1,117.58
INT_02084,CUST_0131,CAMP_003,2024-06-04,1,0,471.67
INT_02085,CUST_0419,CAMP_001,2026-02-26,1,0,401.81
INT_02086,CUST_0002,CAMP_006,2024-08-26,0,0,208.17
INT_02087,CUST_0382,CAMP_004,2024-12-24,0,1,6.48
INT_02088,CUST_0112,CAMP_001,2025-09-18,0,0,154.0
INT_02089,CUST_0297,CAMP_003,2024-09-06,1,0,79.3
INT_02090,CUST_0038,CAMP_002,2026-03-06,1,1,315.23
INT_02091,CUST_0024,CAMP_005,2026-01-26,0,1,342.03
INT_02092,CUST_0217,CAMP_007,2024-07-29,0,0,214.5
INT_02093,CUST_0177,CAMP_006,2025-06-13,1,1,60.92
INT_02094,CUST_0359,CAMP_007,2024-10-30,1,1,64.71
INT_02095,CUST_0033,CAMP_007,2025-07-31,1,1,140.95
INT_02096,CUST_0278,CAMP_010,2024-08-21,0,0,362.38
INT_02097,CUST_0031,CAMP_004,2025-07-24,0,0,403.56
INT_02098,CUST_0479,CAMP_009,2025-10-18,1,0,432.05
INT_02099,CUST_0458,CAMP_001,2024-12-13,1,1,184.78
INT_02100,CUST_0036,CAMP_002,2024-06-19,1,0,485.22
INT_02101,CUST_0479,CAMP_002,2025-07-15,1,1,31.56
INT_02102,CUST_0242,CAMP_009,2025-11-11,0,0,223.54
INT_02103,CUST_0017,CAMP_005,2025-11-04,0,0,208.5
INT_02104,CUST_0147,CAMP_009,2025-04-17,1,0,104.73
INT_02105,CUST_0210,CAMP_010,2025-04-09,0,1,163.1
INT_02106,CUST_0093,CAMP_006,2025-12-12,0,0,116.72
INT_02107,CUST_0394,CAMP_006,2024-11-03,1,0,435.94
INT_02108,CUST_0070,CAMP_005,2024-12-06,1,0,156.27
INT_02109,CUST_0393,CAMP_004,2025-02-16,1,1,457.87
INT_02110,CUST_0329,CAMP_010,2026-02-20,1,1,486.26
INT_02111,CUST_0374,CAMP_004,2026-03-28,1,0,393.4
INT_02112,CUST_0331,CAMP_008,2025-10-23,0,0,277.5
INT_02113,CUST_0494,CAMP_007,2025-09-01,1,0,288.61
INT_02114,CUST_0216,CAMP_010,2025-10-23,0,0,165.53
INT_02115,CUST_0192,CAMP_001,2024-06-15,0,0,97.19
INT_02116,CUST_0457,CAMP_005,2024-10-05,0,0,63.57
INT_02117,CUST_0196,CAMP_003,2024-09-03,0,1,160.92
INT_02118,CUST_0230,CAMP_007,2026-05-11,1,0,316.34
INT_02119,CUST_0446,CAMP_009,2026-04-09,1,0,485.57
INT_02120,CUST_0470,CAMP_002,2024-06-02,1,0,114.46
INT_02121,CUST_0465,CAMP_009,2025-07-18,0,0,296.42
INT_02122,CUST_0194,CAMP_002,2025-12-23,1,0,118.51
INT_02123,CUST_0193,CAMP_009,2024-06-28,0,1,409.83
INT_02124,CUST_0042,CAMP_005,2025-09-18,1,0,244.29
INT_02125,CUST_0350,CAMP_006,2025-08-17,0,0,234.88
INT_02126,CUST_0494,CAMP_002,2025-12-15,0,0,9.7
INT_02127,CUST_0339,CAMP_009,2025-08-01,0,1,255.48
INT_02128,CUST_0448,CAMP_005,2024-12-08,1,0,47.79
INT_02129,CUST_0277,CAMP_009,2025-09-07,1,1,375.1
INT_02130,CUST_0069,CAMP_010,2025-09-27,1,1,311.8
INT_02131,CUST_0335,CAMP_005,2026-02-25,1,1,40.65
INT_02132,CUST_0441,CAMP_008,2026-01-23,1,0,245.47
INT_02133,CUST_0179,CAMP_007,2026-05-24,1,0,301.3
INT_02134,CUST_0061,CAMP_010,2025-09-30,0,0,445.46
INT_02135,CUST_0092,CAMP_008,2024-06-28,1,0,479.14
INT_02136,CUST_0276,CAMP_004,2026-05-27,0,0,133.0
INT_02137,CUST_0202,CAMP_006,2024-11-23,1,1,224.74
INT_02138,CUST_0271,CAMP_008,2024-11-09,1,0,388.72
INT_02139,CUST_0066,CAMP_008,2026-01-14,0,0,395.64
INT_02140,CUST_0373,CAMP_010,2024-11-26,1,0,138.11
INT_02141,CUST_0115,CAMP_001,2025-11-05,1,0,71.54
INT_02142,CUST_0428,CAMP_008,2024-11-21,1,0,423.89
INT_02143,CUST_0002,CAMP_002,2025-12-14,0,0,29.51
INT_02144,CUST_0388,CAMP_005,2025-11-27,1,0,123.29
INT_02145,CUST_0012,CAMP_002,2025-08-19,0,1,316.53
INT_02146,CUST_0153,CAMP_007,2024-08-07,0,1,163.61
INT_02147,CUST_0238,CAMP_004,2026-01-09,1,0,412.42
INT_02148,CUST_0345,CAMP_004,2026-05-07,1,0,241.28
INT_02149,CUST_0369,CAMP_006,2025-03-15,0,0,73.06
INT_02150,CUST_0279,CAMP_007,2024-08-12,1,0,136.38
INT_02151,CUST_0218,CAMP_006,2025-01-10,0,0,160.02
INT_02152,CUST_0273,CAMP_009,2025-01-12,0,1,492.64
INT_02153,CUST_0195,CAMP_009,2026-03-17,1,1,302.39
INT_02154,CUST_0422,CAMP_001,2024-09-09,1,0,268.16
INT_02155,CUST_0118,CAMP_005,2024-07-09,0,0,412.07
INT_02156,CUST_0127,CAMP_004,2025-10-17,0,0,322.92
INT_02157,CUST_0236,CAMP_005,2026-04-03,0,0,478.86
INT_02158,CUST_0178,CAMP_002,2025-09-29,1,0,298.79
INT_02159,CUST_0080,CAMP_007,2025-12-27,0,0,60.18
INT_02160,CUST_0142,CAMP_006,2024-09-27,1,1,366.71
INT_02161,CUST_0097,CAMP_002,2025-09-07,1,0,367.75
INT_02162,CUST_0480,CAMP_009,2024-06-28,0,0,97.47
INT_02163,CUST_0449,CAMP_003,2024-10-09,0,0,399.42
INT_02164,CUST_0372,CAMP_008,2026-02-09,1,0,141.23
INT_02165,CUST_0392,CAMP_006,2024-07-30,1,0,395.35
INT_02166,CUST_0058,CAMP_006,2025-10-29,1,1,211.5
INT_02167,CUST_0017,CAMP_004,2025-06-30,0,1,409.29
INT_02168,CUST_0415,CAMP_010,2024-06-24,0,0,5.46
INT_02169,CUST_0339,CAMP_005,2025-08-12,0,0,130.49
INT_02170,CUST_0215,CAMP_003,2025-02-06,1,0,72.03
INT_02171,CUST_0315,CAMP_004,2025-04-02,1,0,12.64
INT_02172,CUST_0393,CAMP_008,2024-06-18,0,1,325.82
INT_02173,CUST_0480,CAMP_004,2026-01-05,1,1,381.19
INT_02174,CUST_0453,CAMP_004,2025-10-20,1,0,39.35
INT_02175,CUST_0456,CAMP_004,2024-12-19,0,0,232.47
INT_02176,CUST_0009,CAMP_005,2024-10-25,0,0,454.9
INT_02177,CUST_0124,CAMP_004,2024-09-22,1,0,73.81
INT_02178,CUST_0106,CAMP_004,2024-06-01,1,1,312.94
INT_02179,CUST_0035,CAMP_004,2025-08-05,1,0,277.63
INT_02180,CUST_0052,CAMP_004,2024-12-04,0,0,296.92
INT_02181,CUST_0305,CAMP_010,2024-10-02,1,0,379.23
INT_02182,CUST_0018,CAMP_006,2025-09-14,0,0,53.87
INT_02183,CUST_0229,CAMP_003,2026-03-16,0,0,136.78
INT_02184,CUST_0307,CAMP_002,2024-11-03,1,0,137.97
INT_02185,CUST_0345,CAMP_002,2024-10-06,0,0,353.15
INT_02186,CUST_0361,CAMP_002,2024-09-09,1,0,226.67
INT_02187,CUST_0447,CAMP_008,2026-03-18,1,0,81.45
INT_02188,CUST_0025,CAMP_010,2024-06-16,0,1,64.27
INT_02189,CUST_0126,CAMP_001,2026-01-23,0,0,478.05
INT_02190,CUST_0380,CAMP_009,2025-04-29,1,0,61.96
INT_02191,CUST_0023,CAMP_001,2026-03-06,1,0,433.87
INT_02192,CUST_0206,CAMP_008,2024-06-25,0,1,276.29
INT_02193,CUST_0225,CAMP_006,2024-09-28,0,0,184.41
INT_02194,CUST_0120,CAMP_010,2025-09-30,0,0,157.63
INT_02195,CUST_0277,CAMP_006,2025-03-14,1,1,360.25
INT_02196,CUST_0112,CAMP_008,2024-09-29,0,0,275.06
INT_02197,CUST_0387,CAMP_010,2024-09-16,1,0,314.45
INT_02198,CUST_0443,CAMP_005,2025-05-20,0,0,323.16
INT_02199,CUST_0398,CAMP_008,2025-03-28,1,0,197.77
INT_02200,CUST_0029,CAMP_003,2025-05-07,0,1,163.31
INT_02201,CUST_0072,CAMP_009,2026-05-30,1,1,418.04
INT_02202,CUST_0258,CAMP_005,2024-08-21,1,1,17.27
INT_02203,CUST_0149,CAMP_007,2024-09-28,1,0,141.45
INT_02204,CUST_0120,CAMP_004,2026-05-05,1,0,282.81
INT_02205,CUST_0418,CAMP_010,2026-04-24,1,0,284.26
INT_02206,CUST_0470,CAMP_003,2025-02-23,1,0,441.63
INT_02207,CUST_0375,CAMP_001,2025-09-14,1,0,27.93
INT_02208,CUST_0295,CAMP_009,2024-06-10,1,0,358.64
INT_02209,CUST_0164,CAMP_007,2024-07-08,1,1,65.93
INT_02210,CUST_0296,CAMP_008,2025-11-16,0,0,31.94
INT_02211,CUST_0307,CAMP_009,2025-04-02,0,0,33.95
INT_02212,CUST_0396,CAMP_001,2026-02-10,0,0,75.78
INT_02213,CUST_0345,CAMP_009,2024-12-24,1,0,261.39
INT_02214,CUST_0420,CAMP_006,2026-04-14,1,0,470.06
INT_02215,CUST_0165,CAMP_007,2025-08-28,0,0,117.51
INT_02216,CUST_0122,CAMP_003,2024-10-09,0,0,377.33
INT_02217,CUST_0155,CAMP_008,2025-09-26,0,1,486.16
INT_02218,CUST_0449,CAMP_002,2025-04-05,1,0,169.08
INT_02219,CUST_0074,CAMP_009,2024-10-07,1,0,206.32
INT_02220,CUST_0339,CAMP_008,2026-05-26,0,0,375.43
INT_02221,CUST_0267,CAMP_006,2025-11-25,0,0,246.23
INT_02222,CUST_0114,CAMP_001,2024-06-09,1,0,272.56
INT_02223,CUST_0212,CAMP_001,2026-04-05,0,0,262.34
INT_02224,CUST_0154,CAMP_004,2024-08-17,1,0,320.91
INT_02225,CUST_0141,CAMP_007,2025-02-28,0,1,198.0
INT_02226,CUST_0032,CAMP_010,2024-06-21,0,0,77.49
INT_02227,CUST_0286,CAMP_002,2024-10-14,1,0,411.42
INT_02228,CUST_0486,CAMP_006,2024-08-03,1,1,407.18
INT_02229,CUST_0303,CAMP_006,2026-02-10,0,0,224.25
INT_02230,CUST_0451,CAMP_010,2024-05-31,0,0,57.62
INT_02231,CUST_0377,CAMP_005,2026-04-18,0,0,455.71
INT_02232,CUST_0467,CAMP_003,2025-11-28,1,0,130.38
INT_02233,CUST_0090,CAMP_009,2024-07-13,1,1,119.63
INT_02234,CUST_0321,CAMP_005,2025-03-21,1,0,322.38
INT_02235,CUST_0348,CAMP_004,2024-09-23,1,0,278.84
INT_02236,CUST_0219,CAMP_005,2025-05-07,1,0,26.24
INT_02237,CUST_0285,CAMP_008,2026-02-09,1,0,421.45
INT_02238,CUST_0254,CAMP_010,2024-09-07,0,0,112.76
INT_02239,CUST_0025,CAMP_006,2024-07-06,0,0,21.2
INT_02240,CUST_0498,CAMP_006,2024-09-13,0,0,109.5
INT_02241,CUST_0177,CAMP_003,2024-07-17,1,0,116.33
INT_02242,CUST_0483,CAMP_008,2026-01-24,0,0,76.32
INT_02243,CUST_0330,CAMP_007,2024-06-28,1,1,435.24
INT_02244,CUST_0344,CAMP_004,2026-04-16,1,0,250.29
INT_02245,CUST_0196,CAMP_007,2026-01-13,0,0,161.48
INT_02246,CUST_0403,CAMP_006,2026-05-30,0,0,377.98
INT_02247,CUST_0269,CAMP_006,2025-09-10,1,0,335.13
INT_02248,CUST_0164,CAMP_007,2025-01-31,0,1,9.63
INT_02249,CUST_0357,CAMP_005,2025-02-04,0,0,382.77
INT_02250,CUST_0214,CAMP_008,2024-07-26,1,1,246.11
INT_02251,CUST_0210,CAMP_003,2024-06-14,0,0,334.82
INT_02252,CUST_0077,CAMP_010,2025-05-01,0,0,348.56
INT_02253,CUST_0154,CAMP_003,2025-02-23,1,0,275.02
INT_02254,CUST_0193,CAMP_010,2025-06-14,1,0,20.07
INT_02255,CUST_0095,CAMP_004,2024-10-06,1,0,294.83
INT_02256,CUST_0387,CAMP_002,2025-04-29,1,1,104.42
INT_02257,CUST_0276,CAMP_005,2026-05-21,1,0,291.37
INT_02258,CUST_0243,CAMP_004,2026-01-05,1,0,3.58
INT_02259,CUST_0124,CAMP_009,2025-10-04,1,1,350.91
INT_02260,CUST_0435,CAMP_007,2025-09-11,0,1,290.79
INT_02261,CUST_0116,CAMP_007,2025-03-06,0,0,184.06
INT_02262,CUST_0154,CAMP_004,2025-07-08,1,0,449.29
INT_02263,CUST_0440,CAMP_003,2026-04-12,1,0,82.09
INT_02264,CUST_0363,CAMP_003,2024-08-22,1,0,106.39
INT_02265,CUST_0074,CAMP_008,2026-01-28,0,0,268.11
INT_02266,CUST_0413,CAMP_001,2025-02-13,1,0,457.6
INT_02267,CUST_0238,CAMP_003,2024-06-23,0,1,372.13
INT_02268,CUST_0469,CAMP_007,2025-03-12,1,0,140.71
INT_02269,CUST_0030,CAMP_008,2025-06-17,1,1,278.13
INT_02270,CUST_0288,CAMP_003,2025-11-30,0,0,255.44
INT_02271,CUST_0212,CAMP_009,2025-02-26,1,1,79.93
INT_02272,CUST_0496,CAMP_009,2025-04-02,1,1,100.79
INT_02273,CUST_0214,CAMP_006,2025-03-11,0,0,303.81
INT_02274,CUST_0286,CAMP_008,2024-08-09,1,1,167.24
INT_02275,CUST_0272,CAMP_005,2024-12-27,1,1,163.53
INT_02276,CUST_0069,CAMP_005,2024-08-30,0,0,130.17
INT_02277,CUST_0199,CAMP_009,2025-05-08,0,0,59.58
INT_02278,CUST_0125,CAMP_010,2025-12-03,0,1,142.69
INT_02279,CUST_0131,CAMP_001,2026-01-22,1,0,14.41
INT_02280,CUST_0105,CAMP_007,2025-02-03,0,0,301.68
INT_02281,CUST_0170,CAMP_002,2026-05-02,0,0,325.7
INT_02282,CUST_0332,CAMP_003,2025-08-04,0,0,255.9
INT_02283,CUST_0041,CAMP_001,2025-05-24,0,0,202.85
INT_02284,CUST_0473,CAMP_004,2024-10-14,0,1,92.42
INT_02285,CUST_0231,CAMP_005,2026-01-25,1,0,20.83
INT_02286,CUST_0434,CAMP_008,2025-12-12,0,0,402.32
INT_02287,CUST_0190,CAMP_002,2024-11-15,0,0,371.41
INT_02288,CUST_0048,CAMP_008,2025-06-15,0,0,437.12
INT_02289,CUST_0275,CAMP_006,2025-04-07,0,0,100.07
INT_02290,CUST_0371,CAMP_005,2025-01-08,1,0,285.1
INT_02291,CUST_0425,CAMP_006,2025-03-20,0,1,373.64
INT_02292,CUST_0098,CAMP_006,2024-09-02,0,0,416.46
INT_02293,CUST_0027,CAMP_009,2025-12-03,1,0,337.1
INT_02294,CUST_0138,CAMP_009,2025-10-14,0,0,443.33
INT_02295,CUST_0194,CAMP_005,2025-03-24,1,0,408.93
INT_02296,CUST_0345,CAMP_006,2024-11-30,1,0,180.47
INT_02297,CUST_0310,CAMP_001,2024-08-29,0,0,27.18
INT_02298,CUST_0309,CAMP_007,2025-09-16,1,0,313.06
INT_02299,CUST_0021,CAMP_002,2025-12-04,0,1,283.42
INT_02300,CUST_0448,CAMP_006,2024-07-01,1,0,442.19
INT_02301,CUST_0038,CAMP_010,2026-05-08,1,0,126.17
INT_02302,CUST_0097,CAMP_004,2025-08-18,0,0,255.55
INT_02303,CUST_0412,CAMP_010,2025-10-17,1,0,154.95
INT_02304,CUST_0390,CAMP_010,2025-03-19,0,0,108.21
INT_02305,CUST_0301,CAMP_009,2024-08-14,1,0,90.46
INT_02306,CUST_0371,CAMP_003,2025-08-29,1,0,166.97
INT_02307,CUST_0344,CAMP_005,2025-07-10,1,0,249.8
INT_02308,CUST_0287,CAMP_006,2025-07-16,0,1,359.97
INT_02309,CUST_0112,CAMP_006,2024-07-18,0,1,359.98
INT_02310,CUST_0246,CAMP_009,2025-05-01,0,0,228.94
INT_02311,CUST_0107,CAMP_008,2024-10-10,0,0,195.38
INT_02312,CUST_0446,CAMP_008,2025-09-27,1,0,376.93
INT_02313,CUST_0465,CAMP_002,2025-04-01,0,0,460.41
INT_02314,CUST_0171,CAMP_007,2026-04-25,0,0,240.09
INT_02315,CUST_0156,CAMP_010,2025-01-09,1,1,298.37
INT_02316,CUST_0490,CAMP_005,2025-04-17,0,0,397.5
INT_02317,CUST_0466,CAMP_008,2025-08-31,0,0,333.51
INT_02318,CUST_0008,CAMP_003,2024-07-27,1,1,468.91
INT_02319,CUST_0109,CAMP_003,2025-12-04,1,0,38.84
INT_02320,CUST_0480,CAMP_006,2025-02-28,0,0,53.63
INT_02321,CUST_0098,CAMP_007,2025-04-05,0,0,0.14
INT_02322,CUST_0493,CAMP_010,2025-06-13,1,0,15.6
INT_02323,CUST_0380,CAMP_010,2025-07-21,0,0,25.01
INT_02324,CUST_0061,CAMP_007,2025-12-31,0,0,5.61
INT_02325,CUST_0383,CAMP_002,2024-06-28,0,0,137.12
INT_02326,CUST_0387,CAMP_002,2024-10-20,1,0,0.0
INT_02327,CUST_0246,CAMP_003,2024-08-01,1,0,222.53
INT_02328,CUST_0469,CAMP_006,2025-10-10,0,1,364.37
INT_02329,CUST_0125,CAMP_004,2025-09-19,1,1,480.6
INT_02330,CUST_0357,CAMP_006,2025-10-24,0,0,48.62
INT_02331,CUST_0310,CAMP_006,2024-10-21,1,0,184.02
INT_02332,CUST_0361,CAMP_005,2026-04-14,1,0,322.89
INT_02333,CUST_0105,CAMP_005,2026-03-27,1,0,485.47
INT_02334,CUST_0204,CAMP_010,2024-06-14,1,0,370.92
INT_02335,CUST_0469,CAMP_007,2024-06-24,0,0,186.41
INT_02336,CUST_0123,CAMP_005,2025-02-20,0,0,139.99
INT_02337,CUST_0283,CAMP_008,2024-11-28,0,0,326.81
INT_02338,CUST_0165,CAMP_006,2025-03-03,0,0,148.73
INT_02339,CUST_0398,CAMP_010,2024-12-31,0,0,17.5
INT_02340,CUST_0145,CAMP_009,2025-05-14,1,0,60.04
INT_02341,CUST_0195,CAMP_008,2025-03-09,1,0,70.92
INT_02342,CUST_0239,CAMP_007,2024-08-11,0,1,228.46
INT_02343,CUST_0274,CAMP_003,2025-01-21,1,1,466.12
INT_02344,CUST_0333,CAMP_003,2024-10-19,0,0,491.64
INT_02345,CUST_0184,CAMP_001,2026-04-22,1,0,457.28
INT_02346,CUST_0158,CAMP_003,2024-12-22,1,1,60.16
INT_02347,CUST_0134,CAMP_004,2026-05-12,1,0,318.35
INT_02348,CUST_0185,CAMP_005,2025-05-07,0,0,476.21
INT_02349,CUST_0263,CAMP_002,2025-12-06,1,0,396.38
INT_02350,CUST_0452,CAMP_004,2025-09-02,0,1,440.15
INT_02351,CUST_0255,CAMP_003,2025-12-04,1,0,466.02
INT_02352,CUST_0239,CAMP_007,2025-04-26,0,0,87.29
INT_02353,CUST_0051,CAMP_002,2024-10-08,0,0,56.29
INT_02354,CUST_0412,CAMP_002,2025-04-13,1,0,362.4
INT_02355,CUST_0370,CAMP_002,2026-02-04,0,1,227.62
INT_02356,CUST_0241,CAMP_008,2025-09-14,0,1,443.22
INT_02357,CUST_0390,CAMP_009,2025-09-05,0,0,347.46
INT_02358,CUST_0430,CAMP_001,2026-04-19,1,1,136.57
INT_02359,CUST_0164,CAMP_001,2024-12-22,1,1,11.28
INT_02360,CUST_0469,CAMP_007,2025-02-28,1,1,281.62
INT_02361,CUST_0105,CAMP_009,2026-02-04,0,0,31.64
INT_02362,CUST_0190,CAMP_002,2025-01-07,0,0,345.9
INT_02363,CUST_0161,CAMP_002,2024-05-31,0,0,107.74
INT_02364,CUST_0212,CAMP_005,2025-03-22,1,1,198.77
INT_02365,CUST_0024,CAMP_010,2025-12-07,0,0,188.71
INT_02366,CUST_0289,CAMP_003,2024-08-11,0,1,18.58
INT_02367,CUST_0443,CAMP_002,2024-09-10,1,0,216.24
INT_02368,CUST_0114,CAMP_007,2025-09-04,1,0,232.85
INT_02369,CUST_0380,CAMP_005,2024-06-11,0,0,87.51
INT_02370,CUST_0075,CAMP_004,2024-06-27,0,0,6.63
INT_02371,CUST_0009,CAMP_004,2025-11-24,1,0,448.7
INT_02372,CUST_0134,CAMP_005,2025-02-09,1,0,328.31
INT_02373,CUST_0284,CAMP_008,2024-12-26,0,0,479.71
INT_02374,CUST_0479,CAMP_003,2025-09-30,0,0,438.19
INT_02375,CUST_0300,CAMP_003,2025-09-12,0,0,354.95
INT_02376,CUST_0297,CAMP_009,2024-06-15,1,0,359.44
INT_02377,CUST_0369,CAMP_003,2025-12-07,1,1,101.35
INT_02378,CUST_0214,CAMP_001,2024-08-02,1,1,133.64
INT_02379,CUST_0152,CAMP_001,2024-10-26,1,0,335.62
INT_02380,CUST_0079,CAMP_006,2025-08-21,1,0,481.59
INT_02381,CUST_0101,CAMP_006,2026-04-10,0,1,94.03
INT_02382,CUST_0169,CAMP_008,2025-10-20,1,0,344.84
INT_02383,CUST_0118,CAMP_008,2026-02-16,0,1,405.18
INT_02384,CUST_0195,CAMP_009,2024-06-09,0,1,497.92
INT_02385,CUST_0292,CAMP_005,2026-03-14,0,0,22.06
INT_02386,CUST_0427,CAMP_009,2025-12-14,1,0,281.61
INT_02387,CUST_0126,CAMP_008,2026-02-17,0,1,428.5
INT_02388,CUST_0256,CAMP_003,2026-03-25,1,1,279.47
INT_02389,CUST_0282,CAMP_009,2025-01-22,0,0,351.47
INT_02390,CUST_0336,CAMP_003,2025-07-29,0,0,395.98
INT_02391,CUST_0484,CAMP_010,2025-09-03,1,0,357.78
INT_02392,CUST_0351,CAMP_010,2024-07-28,1,0,371.26
INT_02393,CUST_0173,CAMP_008,2026-05-18,0,0,143.26
INT_02394,CUST_0132,CAMP_010,2026-03-11,1,0,44.21
INT_02395,CUST_0391,CAMP_007,2026-01-10,1,0,183.65
INT_02396,CUST_0421,CAMP_009,2025-08-13,1,0,410.36
INT_02397,CUST_0251,CAMP_009,2024-11-26,1,0,272.3
INT_02398,CUST_0495,CAMP_005,2024-11-30,1,1,186.63
INT_02399,CUST_0371,CAMP_006,2025-09-12,0,0,450.91
INT_02400,CUST_0329,CAMP_008,2024-12-06,1,0,363.1
INT_02401,CUST_0379,CAMP_009,2026-01-26,1,0,270.38
INT_02402,CUST_0252,CAMP_004,2024-09-14,0,0,160.36
INT_02403,CUST_0236,CAMP_002,2026-03-29,1,0,319.66
INT_02404,CUST_0087,CAMP_008,2025-01-14,1,0,203.5
INT_02405,CUST_0376,CAMP_005,2025-05-29,0,0,290.11
INT_02406,CUST_0408,CAMP_006,2025-05-06,0,0,186.05
INT_02407,CUST_0181,CAMP_007,2025-07-09,0,0,491.76
INT_02408,CUST_0087,CAMP_005,2024-07-03,1,0,383.66
INT_02409,CUST_0072,CAMP_003,2025-12-27,0,0,73.82
INT_02410,CUST_0369,CAMP_005,2025-06-04,0,1,336.33
INT_02411,CUST_0280,CAMP_001,2025-10-30,0,1,444.71
INT_02412,CUST_0251,CAMP_001,2025-08-11,1,0,337.86
INT_02413,CUST_0095,CAMP_009,2025-02-09,1,1,203.91
INT_02414,CUST_0470,CAMP_003,2025-10-20,1,0,480.69
INT_02415,CUST_0456,CAMP_006,2025-11-16,0,1,43.22
INT_02416,CUST_0278,CAMP_005,2024-07-22,0,0,126.6
INT_02417,CUST_0329,CAMP_008,2025-01-22,0,0,68.82
INT_02418,CUST_0491,CAMP_009,2024-07-08,1,1,462.36
INT_02419,CUST_0031,CAMP_001,2025-09-19,0,0,322.73
INT_02420,CUST_0269,CAMP_008,2026-01-14,1,1,225.38
INT_02421,CUST_0018,CAMP_008,2025-02-06,1,0,269.61
INT_02422,CUST_0430,CAMP_005,2024-09-12,1,0,340.17
INT_02423,CUST_0434,CAMP_001,2025-10-01,1,0,444.87
INT_02424,CUST_0039,CAMP_007,2025-04-06,0,0,171.73
INT_02425,CUST_0484,CAMP_005,2025-05-14,0,0,459.15
INT_02426,CUST_0419,CAMP_010,2024-08-05,0,1,491.36
INT_02427,CUST_0343,CAMP_004,2025-06-19,1,0,72.53
INT_02428,CUST_0025,CAMP_001,2025-12-28,1,0,170.82
INT_02429,CUST_0392,CAMP_009,2025-05-16,0,0,316.35
INT_02430,CUST_0004,CAMP_006,2026-04-21,1,0,372.4
INT_02431,CUST_0212,CAMP_004,2025-08-26,0,1,425.55
INT_02432,CUST_0071,CAMP_007,2024-12-25,0,0,286.85
INT_02433,CUST_0432,CAMP_009,2025-12-26,0,0,488.62
INT_02434,CUST_0323,CAMP_007,2026-04-19,1,0,396.14
INT_02435,CUST_0119,CAMP_007,2024-07-23,1,0,412.34
INT_02436,CUST_0035,CAMP_004,2026-03-21,0,0,198.18
INT_02437,CUST_0363,CAMP_003,2024-10-15,0,0,411.72
INT_02438,CUST_0078,CAMP_007,2025-04-04,1,0,440.36
INT_02439,CUST_0005,CAMP_007,2025-10-25,0,0,495.25
INT_02440,CUST_0112,CAMP_004,2025-05-18,0,0,272.0
INT_02441,CUST_0259,CAMP_005,2025-08-31,1,1,259.78
INT_02442,CUST_0234,CAMP_002,2024-07-14,1,0,287.73
INT_02443,CUST_0192,CAMP_007,2024-06-03,0,0,127.36
INT_02444,CUST_0031,CAMP_004,2026-03-06,1,0,275.22
INT_02445,CUST_0317,CAMP_009,2024-08-08,1,0,471.14
INT_02446,CUST_0327,CAMP_010,2026-04-03,0,0,369.86
INT_02447,CUST_0342,CAMP_005,2024-09-15,0,0,342.01
INT_02448,CUST_0479,CAMP_005,2025-03-18,0,0,393.86
INT_02449,CUST_0316,CAMP_009,2025-12-07,1,0,244.59
INT_02450,CUST_0468,CAMP_005,2026-01-11,0,0,162.74
INT_02451,CUST_0248,CAMP_007,2025-05-31,1,0,418.23
INT_02452,CUST_0338,CAMP_004,2025-01-27,1,0,186.66
INT_02453,CUST_0250,CAMP_002,2026-05-01,0,0,468.46
INT_02454,CUST_0009,CAMP_003,2025-01-17,0,0,261.56
INT_02455,CUST_0004,CAMP_003,2026-05-19,0,1,409.68
INT_02456,CUST_0273,CAMP_005,2025-12-14,0,0,109.54
INT_02457,CUST_0283,CAMP_002,2026-04-12,0,0,175.57
INT_02458,CUST_0211,CAMP_008,2024-12-20,0,0,204.0
INT_02459,CUST_0007,CAMP_010,2025-09-02,0,0,375.78
INT_02460,CUST_0009,CAMP_008,2026-04-16,1,0,53.21
INT_02461,CUST_0272,CAMP_005,2026-04-17,0,0,320.23
INT_02462,CUST_0370,CAMP_010,2025-04-29,1,1,226.83
INT_02463,CUST_0141,CAMP_008,2024-09-20,0,0,417.17
INT_02464,CUST_0275,CAMP_004,2024-06-06,0,1,447.62
INT_02465,CUST_0147,CAMP_006,2024-06-07,1,0,94.17
INT_02466,CUST_0009,CAMP_001,2024-08-03,1,0,0.3
INT_02467,CUST_0258,CAMP_003,2026-03-20,0,0,396.8
INT_02468,CUST_0417,CAMP_001,2025-05-13,1,0,252.26
INT_02469,CUST_0358,CAMP_009,2025-06-24,0,0,53.9
INT_02470,CUST_0346,CAMP_001,2024-11-17,1,0,72.18
INT_02471,CUST_0221,CAMP_003,2024-11-20,1,1,36.1
INT_02472,CUST_0413,CAMP_002,2024-09-08,1,0,475.06
INT_02473,CUST_0482,CAMP_005,2026-04-10,1,1,120.92
INT_02474,CUST_0466,CAMP_005,2025-06-05,0,0,203.06
INT_02475,CUST_0092,CAMP_003,2024-07-18,1,0,412.62
INT_02476,CUST_0055,CAMP_008,2025-04-05,1,0,270.98
INT_02477,CUST_0471,CAMP_001,2025-11-09,1,0,48.29
INT_02478,CUST_0050,CAMP_004,2025-04-12,0,0,407.25
INT_02479,CUST_0269,CAMP_002,2025-03-08,0,0,11.75
INT_02480,CUST_0077,CAMP_003,2025-06-08,0,0,15.55
INT_02481,CUST_0124,CAMP_001,2024-11-14,1,0,60.54
INT_02482,CUST_0099,CAMP_008,2025-03-31,1,0,92.86
INT_02483,CUST_0318,CAMP_004,2025-06-04,1,0,388.03
INT_02484,CUST_0270,CAMP_006,2025-11-30,1,0,35.67
INT_02485,CUST_0130,CAMP_007,2025-11-23,0,0,126.72
INT_02486,CUST_0418,CAMP_005,2026-05-08,1,0,475.51
INT_02487,CUST_0182,CAMP_008,2025-09-15,0,1,210.96
INT_02488,CUST_0137,CAMP_006,2025-01-27,1,0,178.76
INT_02489,CUST_0408,CAMP_008,2024-09-22,0,0,201.5
INT_02490,CUST_0204,CAMP_001,2026-02-14,0,1,348.91
INT_02491,CUST_0041,CAMP_006,2025-07-04,0,0,150.11
INT_02492,CUST_0192,CAMP_002,2025-09-18,1,0,193.87
INT_02493,CUST_0492,CAMP_003,2025-07-20,0,0,104.22
INT_02494,CUST_0208,CAMP_001,2025-09-07,0,1,214.26
INT_02495,CUST_0236,CAMP_005,2025-06-23,0,0,294.85
INT_02496,CUST_0290,CAMP_007,2025-05-08,0,0,239.22
INT_02497,CUST_0125,CAMP_002,2024-12-03,1,1,307.4
INT_02498,CUST_0357,CAMP_009,2025-04-22,1,1,20.94
INT_02499,CUST_0116,CAMP_008,2025-09-25,0,0,245.67
INT_02500,CUST_0154,CAMP_003,2025-07-12,0,0,15.76
INT_02501,CUST_0351,CAMP_004,2025-10-23,0,0,159.82
INT_02502,CUST_0424,CAMP_005,2026-04-29,1,0,15.52
INT_02503,CUST_0435,CAMP_007,2026-02-09,1,0,350.32
INT_02504,CUST_0042,CAMP_001,2026-01-10,0,0,430.59
INT_02505,CUST_0335,CAMP_002,2025-09-25,1,0,191.88
INT_02506,CUST_0440,CAMP_004,2025-12-07,1,0,269.51
INT_02507,CUST_0333,CAMP_007,2025-09-17,0,0,49.0
INT_02508,CUST_0389,CAMP_008,2025-08-31,0,1,344.3
INT_02509,CUST_0017,CAMP_004,2025-11-05,1,0,310.12
INT_02510,CUST_0048,CAMP_001,2024-12-26,0,0,175.53
INT_02511,CUST_0208,CAMP_004,2024-10-12,1,0,485.68
INT_02512,CUST_0195,CAMP_008,2025-11-10,0,1,245.15
INT_02513,CUST_0194,CAMP_002,2025-03-11,1,1,13.66
INT_02514,CUST_0283,CAMP_009,2024-08-22,0,0,19.34
INT_02515,CUST_0244,CAMP_004,2025-07-26,0,0,243.72
INT_02516,CUST_0029,CAMP_008,2025-10-05,1,0,452.94
INT_02517,CUST_0327,CAMP_007,2025-11-28,0,0,237.44
INT_02518,CUST_0005,CAMP_005,2026-05-12,1,0,271.87
INT_02519,CUST_0360,CAMP_006,2024-09-29,0,1,41.48
INT_02520,CUST_0088,CAMP_003,2024-09-06,0,0,362.14
INT_02521,CUST_0043,CAMP_001,2026-05-05,0,1,357.8
INT_02522,CUST_0256,CAMP_009,2025-01-24,0,1,461.16
INT_02523,CUST_0433,CAMP_009,2026-01-17,1,0,227.34
INT_02524,CUST_0223,CAMP_002,2025-12-21,1,0,374.53
INT_02525,CUST_0331,CAMP_005,2026-02-09,0,0,120.69
INT_02526,CUST_0402,CAMP_008,2026-04-22,0,1,492.0
INT_02527,CUST_0170,CAMP_005,2026-02-23,0,0,17.17
INT_02528,CUST_0290,CAMP_004,2026-02-28,1,0,154.91
INT_02529,CUST_0440,CAMP_006,2026-02-21,0,0,388.58
INT_02530,CUST_0499,CAMP_001,2024-08-16,1,0,427.32
INT_02531,CUST_0049,CAMP_004,2024-06-04,1,0,108.28
INT_02532,CUST_0459,CAMP_002,2025-02-11,0,0,205.3
INT_02533,CUST_0271,CAMP_004,2024-10-08,0,0,5.15
INT_02534,CUST_0471,CAMP_007,2024-08-25,0,1,64.19
INT_02535,CUST_0022,CAMP_006,2025-01-05,0,1,431.36
INT_02536,CUST_0118,CAMP_001,2026-03-14,1,0,390.42
INT_02537,CUST_0109,CAMP_003,2026-05-18,1,1,467.77
INT_02538,CUST_0462,CAMP_005,2026-02-15,1,0,222.21
INT_02539,CUST_0445,CAMP_010,2024-08-13,0,0,251.04
INT_02540,CUST_0355,CAMP_002,2025-10-24,1,1,231.59
INT_02541,CUST_0455,CAMP_007,2025-03-10,0,0,348.57
INT_02542,CUST_0291,CAMP_004,2026-05-16,0,0,194.09
INT_02543,CUST_0244,CAMP_001,2025-04-13,1,0,462.49
INT_02544,CUST_0139,CAMP_001,2025-12-06,1,1,326.85
INT_02545,CUST_0024,CAMP_010,2026-03-07,1,0,24.36
INT_02546,CUST_0474,CAMP_008,2025-08-25,1,1,292.83
INT_02547,CUST_0039,CAMP_010,2026-05-13,0,0,349.11
INT_02548,CUST_0351,CAMP_003,2025-01-03,1,0,245.55
INT_02549,CUST_0474,CAMP_006,2025-06-24,0,0,451.13
INT_02550,CUST_0144,CAMP_002,2025-04-18,1,1,146.69
INT_02551,CUST_0461,CAMP_004,2024-08-23,1,0,81.37
INT_02552,CUST_0279,CAMP_003,2024-09-14,0,0,145.14
INT_02553,CUST_0289,CAMP_008,2025-02-15,0,0,165.71
INT_02554,CUST_0337,CAMP_002,2024-05-31,0,0,54.84
INT_02555,CUST_0017,CAMP_010,2024-07-18,0,1,77.4
INT_02556,CUST_0092,CAMP_006,2025-04-23,0,1,418.69
INT_02557,CUST_0476,CAMP_001,2025-08-22,0,0,99.56
INT_02558,CUST_0436,CAMP_001,2026-02-01,0,0,243.12
INT_02559,CUST_0162,CAMP_006,2025-02-27,1,1,2.85
INT_02560,CUST_0009,CAMP_003,2026-01-25,1,0,387.87
INT_02561,CUST_0493,CAMP_009,2025-11-03,1,0,403.4
INT_02562,CUST_0107,CAMP_002,2025-09-08,1,0,452.7
INT_02563,CUST_0301,CAMP_003,2025-09-05,1,0,386.23
INT_02564,CUST_0074,CAMP_008,2025-01-21,0,0,21.94
INT_02565,CUST_0386,CAMP_004,2025-12-17,0,0,91.34
INT_02566,CUST_0421,CAMP_006,2025-03-10,0,0,170.04
INT_02567,CUST_0365,CAMP_009,2025-09-07,0,0,341.52
INT_02568,CUST_0421,CAMP_006,2024-11-19,0,0,422.77
INT_02569,CUST_0204,CAMP_008,2025-11-25,0,1,114.37
INT_02570,CUST_0476,CAMP_004,2024-11-17,1,1,222.33
INT_02571,CUST_0040,CAMP_001,2025-10-12,1,1,350.39
INT_02572,CUST_0154,CAMP_007,2026-01-04,1,1,455.83
INT_02573,CUST_0084,CAMP_006,2026-03-27,1,0,50.77
INT_02574,CUST_0289,CAMP_003,2024-06-27,0,1,69.6
INT_02575,CUST_0124,CAMP_005,2025-09-11,0,0,370.18
INT_02576,CUST_0291,CAMP_001,2024-11-19,1,0,473.34
INT_02577,CUST_0428,CAMP_008,2024-07-11,1,0,281.39
INT_02578,CUST_0435,CAMP_008,2026-01-07,1,0,219.05
INT_02579,CUST_0200,CAMP_009,2024-12-09,1,0,183.34
INT_02580,CUST_0347,CAMP_005,2025-01-11,1,0,349.46
INT_02581,CUST_0460,CAMP_009,2026-01-31,0,1,10.27
INT_02582,CUST_0277,CAMP_008,2024-06-03,0,1,262.59
INT_02583,CUST_0170,CAMP_004,2025-09-26,0,0,346.91
INT_02584,CUST_0197,CAMP_010,2024-08-21,0,1,317.42
INT_02585,CUST_0387,CAMP_003,2025-12-25,0,0,53.16
INT_02586,CUST_0379,CAMP_009,2026-04-24,1,0,236.83
INT_02587,CUST_0072,CAMP_006,2024-09-07,1,0,139.45
INT_02588,CUST_0405,CAMP_006,2025-09-30,0,0,278.64
INT_02589,CUST_0353,CAMP_008,2024-06-21,0,0,211.13
INT_02590,CUST_0371,CAMP_005,2026-05-31,0,1,32.59
INT_02591,CUST_0041,CAMP_010,2024-07-02,0,0,131.39
INT_02592,CUST_0257,CAMP_009,2025-08-19,1,0,474.33
INT_02593,CUST_0382,CAMP_003,2025-01-20,0,1,178.82
INT_02594,CUST_0499,CAMP_002,2025-05-20,1,0,200.66
INT_02595,CUST_0178,CAMP_009,2025-04-14,1,0,459.64
INT_02596,CUST_0028,CAMP_003,2026-01-03,1,1,453.31
INT_02597,CUST_0051,CAMP_008,2024-09-10,1,0,437.77
INT_02598,CUST_0224,CAMP_005,2025-05-04,1,0,60.51
INT_02599,CUST_0119,CAMP_005,2026-04-29,1,0,81.0
INT_02600,CUST_0430,CAMP_009,2024-11-28,1,0,285.21
INT_02601,CUST_0039,CAMP_006,2025-10-20,0,0,332.32
INT_02602,CUST_0175,CAMP_008,2025-04-05,0,1,223.05
INT_02603,CUST_0310,CAMP_001,2025-04-03,1,0,498.26
INT_02604,CUST_0394,CAMP_009,2026-05-23,0,0,186.66
INT_02605,CUST_0315,CAMP_007,2024-06-09,1,0,131.5
INT_02606,CUST_0489,CAMP_003,2025-10-13,0,0,33.41
INT_02607,CUST_0305,CAMP_001,2026-02-01,0,0,395.0
INT_02608,CUST_0204,CAMP_010,2025-09-25,0,0,92.76
INT_02609,CUST_0497,CAMP_006,2025-02-05,0,0,206.63
INT_02610,CUST_0397,CAMP_010,2026-04-22,1,0,279.83
INT_02611,CUST_0168,CAMP_004,2026-04-17,0,0,116.12
INT_02612,CUST_0016,CAMP_006,2025-04-18,0,1,73.69
INT_02613,CUST_0325,CAMP_002,2024-07-29,1,1,66.61
INT_02614,CUST_0140,CAMP_009,2025-03-06,1,0,350.74
INT_02615,CUST_0402,CAMP_007,2024-07-04,1,0,5.6
INT_02616,CUST_0231,CAMP_004,2026-04-23,0,0,30.0
INT_02617,CUST_0252,CAMP_009,2025-08-17,1,0,394.04
INT_02618,CUST_0117,CAMP_008,2025-12-01,0,0,56.38
INT_02619,CUST_0183,CAMP_009,2024-08-14,0,0,332.96
INT_02620,CUST_0284,CAMP_003,2025-08-23,1,0,292.79
INT_02621,CUST_0482,CAMP_010,2024-09-24,0,0,4.43
INT_02622,CUST_0193,CAMP_005,2025-10-02,0,0,440.19
INT_02623,CUST_0222,CAMP_006,2024-09-13,1,0,68.53
INT_02624,CUST_0096,CAMP_007,2025-02-14,0,0,460.37
INT_02625,CUST_0349,CAMP_006,2026-01-29,0,0,430.29
INT_02626,CUST_0300,CAMP_002,2025-03-30,0,0,400.61
INT_02627,CUST_0339,CAMP_002,2024-11-05,1,0,94.33
INT_02628,CUST_0195,CAMP_009,2025-01-28,1,0,237.38
INT_02629,CUST_0044,CAMP_002,2025-01-08,0,1,239.37
INT_02630,CUST_0396,CAMP_001,2025-08-07,1,0,49.52
INT_02631,CUST_0317,CAMP_003,2026-01-20,0,0,193.93
INT_02632,CUST_0152,CAMP_003,2025-08-11,0,0,316.7
INT_02633,CUST_0409,CAMP_001,2025-12-04,0,0,270.7
INT_02634,CUST_0127,CAMP_004,2025-03-09,0,1,401.93
INT_02635,CUST_0366,CAMP_002,2024-06-27,1,1,73.06
INT_02636,CUST_0038,CAMP_008,2026-05-01,0,0,63.48
INT_02637,CUST_0043,CAMP_004,2024-10-29,0,1,254.93
INT_02638,CUST_0138,CAMP_002,2025-01-21,1,0,430.59
INT_02639,CUST_0079,CAMP_001,2025-03-26,0,0,34.0
INT_02640,CUST_0195,CAMP_010,2025-07-02,1,0,256.69
INT_02641,CUST_0365,CAMP_007,2026-03-18,0,1,493.68
INT_02642,CUST_0402,CAMP_008,2025-07-30,0,1,283.08
INT_02643,CUST_0325,CAMP_009,2024-09-23,0,1,123.53
INT_02644,CUST_0079,CAMP_010,2025-08-14,0,0,376.71
INT_02645,CUST_0379,CAMP_010,2024-06-12,0,0,419.89
INT_02646,CUST_0200,CAMP_005,2025-05-22,1,0,180.86
INT_02647,CUST_0163,CAMP_001,2025-01-16,0,0,112.67
INT_02648,CUST_0185,CAMP_006,2024-09-17,0,0,131.23
INT_02649,CUST_0055,CAMP_004,2025-11-13,0,0,29.84
INT_02650,CUST_0047,CAMP_010,2026-01-08,1,0,215.94
INT_02651,CUST_0003,CAMP_002,2024-12-18,0,0,435.33
INT_02652,CUST_0483,CAMP_001,2025-07-03,1,0,390.32
INT_02653,CUST_0158,CAMP_004,2025-02-17,0,0,13.83
INT_02654,CUST_0228,CAMP_008,2024-12-27,1,0,335.83
INT_02655,CUST_0185,CAMP_002,2024-09-17,1,0,465.39
INT_02656,CUST_0390,CAMP_008,2025-02-04,0,0,195.39
INT_02657,CUST_0139,CAMP_001,2026-05-25,1,1,303.22
INT_02658,CUST_0053,CAMP_006,2025-12-25,1,0,433.47
INT_02659,CUST_0068,CAMP_009,2024-08-01,0,0,374.3
INT_02660,CUST_0045,CAMP_007,2024-06-03,1,0,63.66
INT_02661,CUST_0096,CAMP_006,2026-04-19,0,1,307.45
INT_02662,CUST_0221,CAMP_001,2024-09-21,0,0,395.23
INT_02663,CUST_0230,CAMP_010,2024-11-13,0,0,444.37
INT_02664,CUST_0286,CAMP_005,2025-11-03,0,0,323.02
INT_02665,CUST_0285,CAMP_009,2024-10-14,0,0,377.72
INT_02666,CUST_0263,CAMP_001,2025-11-22,0,0,78.64
INT_02667,CUST_0209,CAMP_002,2024-07-04,1,0,299.49
INT_02668,CUST_0053,CAMP_005,2024-12-02,1,0,143.81
INT_02669,CUST_0014,CAMP_002,2024-10-12,1,1,386.55
INT_02670,CUST_0046,CAMP_004,2026-04-08,1,0,216.37
INT_02671,CUST_0182,CAMP_009,2024-12-17,0,0,15.46
INT_02672,CUST_0284,CAMP_002,2024-09-08,0,0,33.17
INT_02673,CUST_0048,CAMP_002,2024-07-29,0,1,42.42
INT_02674,CUST_0306,CAMP_004,2026-02-17,1,0,445.83
INT_02675,CUST_0307,CAMP_009,2024-09-04,0,1,72.78
INT_02676,CUST_0402,CAMP_007,2025-11-30,1,0,320.7
INT_02677,CUST_0167,CAMP_004,2025-12-06,0,1,184.76
INT_02678,CUST_0443,CAMP_004,2025-05-19,0,0,196.63
INT_02679,CUST_0198,CAMP_009,2025-10-01,1,0,232.25
INT_02680,CUST_0007,CAMP_004,2026-05-19,0,0,403.41
INT_02681,CUST_0150,CAMP_010,2025-02-11,1,0,458.56
INT_02682,CUST_0212,CAMP_003,2026-05-01,0,0,151.75
INT_02683,CUST_0199,CAMP_009,2026-02-25,0,0,267.65
INT_02684,CUST_0399,CAMP_009,2025-03-26,1,1,163.54
INT_02685,CUST_0044,CAMP_007,2024-12-30,0,0,154.07
INT_02686,CUST_0372,CAMP_002,2025-05-04,0,1,474.25
INT_02687,CUST_0462,CAMP_010,2025-05-26,1,0,255.72
INT_02688,CUST_0287,CAMP_006,2024-10-08,1,0,193.05
INT_02689,CUST_0464,CAMP_008,2024-11-26,1,0,435.58
INT_02690,CUST_0125,CAMP_007,2024-09-13,1,1,344.23
INT_02691,CUST_0293,CAMP_002,2024-11-23,0,0,347.62
INT_02692,CUST_0267,CAMP_003,2024-11-20,1,1,461.73
INT_02693,CUST_0087,CAMP_003,2026-03-02,1,0,302.6
INT_02694,CUST_0351,CAMP_009,2024-08-16,1,0,330.5
INT_02695,CUST_0195,CAMP_007,2025-06-14,1,1,286.99
INT_02696,CUST_0087,CAMP_009,2025-09-03,1,0,234.66
INT_02697,CUST_0072,CAMP_006,2025-10-21,1,0,45.49
INT_02698,CUST_0138,CAMP_003,2026-03-01,1,0,244.84
INT_02699,CUST_0155,CAMP_009,2025-12-23,0,0,171.21
INT_02700,CUST_0138,CAMP_010,2025-02-12,0,1,258.5
INT_02701,CUST_0253,CAMP_008,2025-06-02,0,1,315.68
INT_02702,CUST_0075,CAMP_006,2024-06-03,0,1,125.8
INT_02703,CUST_0033,CAMP_006,2026-01-08,1,0,134.11
INT_02704,CUST_0086,CAMP_009,2024-07-21,0,1,135.63
INT_02705,CUST_0223,CAMP_006,2026-01-27,1,0,144.47
INT_02706,CUST_0142,CAMP_006,2025-01-30,0,0,256.76
INT_02707,CUST_0216,CAMP_007,2025-08-28,1,0,156.53
INT_02708,CUST_0154,CAMP_007,2025-11-01,1,0,452.91
INT_02709,CUST_0248,CAMP_006,2025-09-06,1,0,453.61
INT_02710,CUST_0401,CAMP_010,2025-07-06,0,1,283.01
INT_02711,CUST_0040,CAMP_004,2024-11-03,1,1,174.26
INT_02712,CUST_0185,CAMP_010,2025-01-17,1,0,153.17
INT_02713,CUST_0129,CAMP_009,2024-08-23,0,0,412.87
INT_02714,CUST_0484,CAMP_004,2025-09-15,0,1,258.84
INT_02715,CUST_0127,CAMP_007,2025-10-02,0,0,205.77
INT_02716,CUST_0370,CAMP_009,2025-09-23,1,0,131.96
INT_02717,CUST_0321,CAMP_005,2025-08-24,1,1,211.92
INT_02718,CUST_0254,CAMP_006,2025-01-21,1,0,329.56
INT_02719,CUST_0305,CAMP_008,2026-01-08,0,0,384.16
INT_02720,CUST_0316,CAMP_008,2025-11-04,0,0,445.28
INT_02721,CUST_0101,CAMP_007,2025-04-11,1,1,69.64
INT_02722,CUST_0235,CAMP_001,2024-09-12,1,0,384.95
INT_02723,CUST_0055,CAMP_001,2024-10-08,1,1,147.51
INT_02724,CUST_0070,CAMP_005,2026-01-23,1,1,343.55
INT_02725,CUST_0156,CAMP_010,2024-07-29,1,1,180.74
INT_02726,CUST_0004,CAMP_001,2025-06-29,1,0,271.39
INT_02727,CUST_0486,CAMP_009,2025-05-02,1,0,160.57
INT_02728,CUST_0203,CAMP_003,2025-01-05,1,0,399.02
INT_02729,CUST_0171,CAMP_005,2024-07-20,1,0,290.87
INT_02730,CUST_0431,CAMP_001,2026-05-23,1,0,86.71
INT_02731,CUST_0318,CAMP_005,2026-02-24,1,1,362.3
INT_02732,CUST_0195,CAMP_004,2025-07-26,1,0,438.07
INT_02733,CUST_0412,CAMP_004,2026-02-19,0,0,319.3
INT_02734,CUST_0442,CAMP_006,2026-01-17,0,0,102.87
INT_02735,CUST_0169,CAMP_001,2024-10-25,1,0,394.97
INT_02736,CUST_0226,CAMP_005,2025-02-05,0,1,415.19
INT_02737,CUST_0172,CAMP_009,2025-07-25,1,1,91.54
INT_02738,CUST_0221,CAMP_009,2026-04-29,0,1,323.74
INT_02739,CUST_0418,CAMP_009,2025-03-20,1,1,248.48
INT_02740,CUST_0422,CAMP_010,2024-12-08,0,1,122.82
INT_02741,CUST_0441,CAMP_010,2024-12-25,1,0,242.17
INT_02742,CUST_0334,CAMP_003,2024-11-30,0,0,135.37
INT_02743,CUST_0499,CAMP_002,2026-03-08,1,0,284.09
INT_02744,CUST_0305,CAMP_001,2024-11-12,0,1,268.7
INT_02745,CUST_0070,CAMP_008,2024-08-09,0,0,73.17
INT_02746,CUST_0154,CAMP_006,2024-12-01,0,0,302.99
INT_02747,CUST_0165,CAMP_003,2024-06-10,0,0,126.27
INT_02748,CUST_0309,CAMP_003,2024-08-24,1,0,483.26
INT_02749,CUST_0486,CAMP_005,2025-02-14,0,1,406.56
INT_02750,CUST_0356,CAMP_006,2025-05-25,0,1,491.93
INT_02751,CUST_0103,CAMP_010,2024-09-17,1,0,1.63
INT_02752,CUST_0246,CAMP_004,2025-07-16,0,0,94.46
INT_02753,CUST_0161,CAMP_004,2025-01-13,1,0,467.06
INT_02754,CUST_0091,CAMP_005,2026-03-22,1,0,463.9
INT_02755,CUST_0494,CAMP_005,2024-09-29,1,0,227.38
INT_02756,CUST_0204,CAMP_002,2026-01-03,1,0,495.43
INT_02757,CUST_0496,CAMP_010,2025-07-09,0,0,291.79
INT_02758,CUST_0164,CAMP_007,2026-04-05,0,0,138.55
INT_02759,CUST_0150,CAMP_010,2025-07-25,1,1,283.73
INT_02760,CUST_0377,CAMP_004,2025-12-21,0,0,99.6
INT_02761,CUST_0356,CAMP_002,2025-12-08,1,0,25.5
INT_02762,CUST_0325,CAMP_006,2026-01-06,1,0,213.85
INT_02763,CUST_0252,CAMP_008,2024-09-17,1,0,490.85
INT_02764,CUST_0496,CAMP_003,2025-02-10,1,0,297.64
INT_02765,CUST_0295,CAMP_008,2025-08-31,1,0,238.18
INT_02766,CUST_0401,CAMP_010,2026-01-04,0,0,193.44
INT_02767,CUST_0125,CAMP_002,2025-07-01,1,0,59.72
INT_02768,CUST_0167,CAMP_010,2025-03-01,0,0,90.55
INT_02769,CUST_0193,CAMP_005,2025-12-11,1,1,180.67
INT_02770,CUST_0144,CAMP_001,2024-09-26,0,0,400.65
INT_02771,CUST_0419,CAMP_010,2025-10-08,0,0,27.25
INT_02772,CUST_0403,CAMP_007,2024-09-18,0,0,423.59
INT_02773,CUST_0202,CAMP_002,2025-06-20,1,0,138.68
INT_02774,CUST_0187,CAMP_001,2025-11-16,0,0,274.25
INT_02775,CUST_0059,CAMP_006,2025-05-16,1,1,134.21
INT_02776,CUST_0478,CAMP_006,2026-04-03,1,0,391.94
INT_02777,CUST_0289,CAMP_007,2025-10-10,1,0,462.87
INT_02778,CUST_0103,CAMP_007,2024-06-02,0,0,343.36
INT_02779,CUST_0304,CAMP_002,2025-07-15,1,0,102.45
INT_02780,CUST_0280,CAMP_004,2024-11-03,0,0,445.66
INT_02781,CUST_0093,CAMP_010,2025-10-28,1,0,283.28
INT_02782,CUST_0350,CAMP_001,2024-12-19,1,1,4.93
INT_02783,CUST_0394,CAMP_007,2025-12-01,0,1,168.8
INT_02784,CUST_0282,CAMP_001,2025-08-10,1,0,312.18
INT_02785,CUST_0014,CAMP_005,2025-05-17,1,0,138.59
INT_02786,CUST_0488,CAMP_009,2026-03-08,0,0,214.9
INT_02787,CUST_0373,CAMP_001,2025-06-13,1,0,115.24
INT_02788,CUST_0237,CAMP_006,2025-05-14,0,0,309.16
INT_02789,CUST_0483,CAMP_009,2025-12-20,0,0,285.31
INT_02790,CUST_0363,CAMP_010,2024-12-06,1,0,133.37
INT_02791,CUST_0108,CAMP_003,2025-04-16,0,0,276.31
INT_02792,CUST_0225,CAMP_006,2025-11-23,1,0,420.38
INT_02793,CUST_0409,CAMP_009,2026-03-25,1,0,75.85
INT_02794,CUST_0150,CAMP_004,2024-08-29,1,1,276.86
INT_02795,CUST_0426,CAMP_003,2025-11-10,0,1,158.36
INT_02796,CUST_0355,CAMP_001,2026-05-27,1,0,109.94
INT_02797,CUST_0036,CAMP_007,2024-09-01,1,0,402.86
INT_02798,CUST_0420,CAMP_008,2025-02-25,1,0,412.56
INT_02799,CUST_0435,CAMP_010,2025-01-28,1,0,101.57
INT_02800,CUST_0408,CAMP_010,2026-04-04,1,0,308.15
INT_02801,CUST_0408,CAMP_009,2025-12-28,0,1,477.24
INT_02802,CUST_0210,CAMP_002,2024-09-11,0,0,45.59
INT_02803,CUST_0345,CAMP_004,2026-03-19,0,0,370.23
INT_02804,CUST_0256,CAMP_007,2025-02-11,0,0,489.34
INT_02805,CUST_0072,CAMP_005,2026-02-21,1,0,134.86
INT_02806,CUST_0325,CAMP_007,2025-01-13,1,1,243.13
INT_02807,CUST_0156,CAMP_003,2025-03-23,1,0,47.84
INT_02808,CUST_0124,CAMP_003,2024-11-14,0,0,422.69
INT_02809,CUST_0130,CAMP_006,2026-04-15,1,0,110.49
INT_02810,CUST_0338,CAMP_002,2025-06-27,0,1,229.75
INT_02811,CUST_0079,CAMP_008,2025-12-10,1,0,82.82
INT_02812,CUST_0367,CAMP_010,2024-07-17,0,0,86.77
INT_02813,CUST_0217,CAMP_001,2026-05-06,1,0,110.17
INT_02814,CUST_0405,CAMP_009,2025-09-19,0,1,53.69
INT_02815,CUST_0194,CAMP_007,2025-03-08,1,0,119.39
INT_02816,CUST_0038,CAMP_005,2025-11-05,1,0,154.25
INT_02817,CUST_0230,CAMP_002,2025-04-21,1,0,289.82
INT_02818,CUST_0307,CAMP_007,2025-04-14,0,1,299.86
INT_02819,CUST_0246,CAMP_009,2024-12-02,0,1,193.35
INT_02820,CUST_0299,CAMP_007,2026-04-27,0,0,106.69
INT_02821,CUST_0206,CAMP_003,2024-07-10,0,1,50.18
INT_02822,CUST_0274,CAMP_003,2024-08-08,0,0,41.0
INT_02823,CUST_0260,CAMP_008,2026-01-10,1,0,356.21
INT_02824,CUST_0473,CAMP_009,2024-10-30,0,1,221.26
INT_02825,CUST_0472,CAMP_004,2024-09-11,0,0,369.58
INT_02826,CUST_0446,CAMP_008,2025-09-02,0,1,192.24
INT_02827,CUST_0355,CAMP_007,2025-08-16,0,0,307.53
INT_02828,CUST_0215,CAMP_010,2026-04-01,1,0,190.08
INT_02829,CUST_0279,CAMP_004,2025-11-17,1,1,270.63
INT_02830,CUST_0019,CAMP_009,2024-06-02,0,0,135.86
INT_02831,CUST_0405,CAMP_010,2026-03-17,0,1,440.9
INT_02832,CUST_0496,CAMP_009,2025-03-21,1,1,245.76
INT_02833,CUST_0185,CAMP_004,2025-09-18,0,0,394.79
INT_02834,CUST_0360,CAMP_004,2025-06-03,1,0,261.97
INT_02835,CUST_0459,CAMP_002,2025-08-25,0,1,161.04
INT_02836,CUST_0416,CAMP_005,2024-12-31,1,0,249.52
INT_02837,CUST_0275,CAMP_007,2025-07-29,0,0,307.82
INT_02838,CUST_0305,CAMP_006,2024-06-30,0,1,419.11
INT_02839,CUST_0327,CAMP_010,2026-03-31,1,0,303.28
INT_02840,CUST_0469,CAMP_002,2025-12-09,1,1,186.48
INT_02841,CUST_0044,CAMP_002,2025-12-06,1,0,351.73
INT_02842,CUST_0056,CAMP_007,2025-12-29,0,1,300.48
INT_02843,CUST_0394,CAMP_007,2024-11-28,0,0,349.46
INT_02844,CUST_0128,CAMP_006,2026-04-15,0,0,188.83
INT_02845,CUST_0337,CAMP_006,2025-10-01,1,0,394.03
INT_02846,CUST_0341,CAMP_004,2025-09-18,1,0,103.57
INT_02847,CUST_0182,CAMP_006,2026-01-05,0,0,157.11
INT_02848,CUST_0086,CAMP_006,2024-10-24,1,0,202.55
INT_02849,CUST_0332,CAMP_010,2026-03-25,0,0,124.38
INT_02850,CUST_0314,CAMP_001,2024-08-06,0,0,145.34
INT_02851,CUST_0023,CAMP_005,2026-01-05,0,1,115.45
INT_02852,CUST_0289,CAMP_003,2025-01-11,1,0,300.22
INT_02853,CUST_0331,CAMP_006,2024-12-16,1,0,234.86
INT_02854,CUST_0347,CAMP_010,2026-05-22,1,0,12.14
INT_02855,CUST_0332,CAMP_008,2024-07-20,0,1,467.63
INT_02856,CUST_0205,CAMP_010,2026-05-24,1,1,122.04
INT_02857,CUST_0496,CAMP_003,2025-08-07,0,0,348.79
INT_02858,CUST_0386,CAMP_008,2026-03-03,1,0,226.12
INT_02859,CUST_0170,CAMP_001,2025-03-09,1,1,400.05
INT_02860,CUST_0495,CAMP_004,2025-06-12,0,0,194.43
INT_02861,CUST_0408,CAMP_004,2026-05-18,0,1,172.59
INT_02862,CUST_0221,CAMP_006,2026-05-06,0,0,190.49
INT_02863,CUST_0055,CAMP_003,2024-12-27,1,0,245.48
INT_02864,CUST_0006,CAMP_002,2025-04-03,0,0,362.09
INT_02865,CUST_0051,CAMP_002,2026-01-07,1,0,454.59
INT_02866,CUST_0133,CAMP_001,2025-04-27,0,0,44.73
INT_02867,CUST_0114,CAMP_004,2025-09-28,1,1,127.46
INT_02868,CUST_0262,CAMP_010,2025-09-13,1,0,114.28
INT_02869,CUST_0383,CAMP_003,2025-11-22,1,0,183.3
INT_02870,CUST_0266,CAMP_005,2025-10-25,1,0,498.55
INT_02871,CUST_0286,CAMP_001,2024-09-15,0,1,239.27
INT_02872,CUST_0298,CAMP_006,2025-10-25,0,1,84.27
INT_02873,CUST_0353,CAMP_002,2026-04-05,1,0,426.82
INT_02874,CUST_0295,CAMP_005,2024-08-29,1,0,322.5
INT_02875,CUST_0114,CAMP_008,2026-02-03,1,0,299.55
INT_02876,CUST_0229,CAMP_008,2025-04-09,1,1,405.07
INT_02877,CUST_0192,CAMP_001,2024-09-23,1,1,422.95
INT_02878,CUST_0201,CAMP_006,2024-09-28,0,0,489.58
INT_02879,CUST_0238,CAMP_004,2025-04-22,1,0,182.29
INT_02880,CUST_0396,CAMP_009,2024-08-15,0,1,380.36
INT_02881,CUST_0348,CAMP_004,2025-04-17,0,0,44.99
INT_02882,CUST_0302,CAMP_004,2025-11-07,1,1,457.92
INT_02883,CUST_0354,CAMP_009,2025-09-25,1,0,46.19
INT_02884,CUST_0257,CAMP_009,2025-08-27,1,0,347.66
INT_02885,CUST_0078,CAMP_005,2025-01-22,0,0,25.03
INT_02886,CUST_0177,CAMP_009,2025-11-01,0,0,39.63
INT_02887,CUST_0013,CAMP_008,2025-05-27,1,0,466.01
INT_02888,CUST_0248,CAMP_010,2026-01-24,0,0,226.55
INT_02889,CUST_0054,CAMP_003,2024-10-22,0,1,146.58
INT_02890,CUST_0152,CAMP_001,2025-03-07,0,0,429.25
INT_02891,CUST_0213,CAMP_007,2024-07-01,1,0,139.26
INT_02892,CUST_0472,CAMP_010,2025-07-10,1,1,457.98
INT_02893,CUST_0493,CAMP_009,2026-03-27,0,1,114.54
INT_02894,CUST_0044,CAMP_001,2025-09-14,0,0,155.8
INT_02895,CUST_0060,CAMP_005,2025-05-24,1,1,260.25
INT_02896,CUST_0426,CAMP_003,2025-08-13,1,0,115.91
INT_02897,CUST_0482,CAMP_001,2024-08-29,0,1,46.14
INT_02898,CUST_0374,CAMP_005,2024-06-27,1,1,26.07
INT_02899,CUST_0073,CAMP_004,2025-07-08,0,0,327.31
INT_02900,CUST_0179,CAMP_010,2025-01-21,0,0,392.13
INT_02901,CUST_0160,CAMP_005,2025-09-29,1,0,476.92
INT_02902,CUST_0176,CAMP_001,2025-10-30,1,1,470.75
INT_02903,CUST_0234,CAMP_008,2025-10-16,1,0,87.97
INT_02904,CUST_0402,CAMP_001,2025-05-25,0,0,273.97
INT_02905,CUST_0106,CAMP_002,2026-03-27,1,0,471.01
INT_02906,CUST_0267,CAMP_007,2025-01-07,0,0,447.46
INT_02907,CUST_0248,CAMP_005,2025-03-28,0,0,118.12
INT_02908,CUST_0179,CAMP_006,2024-12-03,1,0,403.86
INT_02909,CUST_0244,CAMP_002,2025-12-29,0,0,97.69
INT_02910,CUST_0050,CAMP_001,2026-02-13,0,0,356.26
INT_02911,CUST_0225,CAMP_005,2025-05-13,1,0,33.69
INT_02912,CUST_0370,CAMP_007,2025-03-01,1,0,50.76
INT_02913,CUST_0357,CAMP_004,2025-02-11,1,1,408.64
INT_02914,CUST_0232,CAMP_007,2025-01-21,1,1,89.37
INT_02915,CUST_0164,CAMP_009,2025-01-19,0,0,62.07
INT_02916,CUST_0035,CAMP_002,2024-08-23,1,0,231.27
INT_02917,CUST_0154,CAMP_006,2024-09-22,0,0,380.43
INT_02918,CUST_0023,CAMP_008,2024-12-07,0,0,361.6
INT_02919,CUST_0415,CAMP_010,2025-02-09,1,1,76.36
INT_02920,CUST_0364,CAMP_009,2025-01-15,0,0,466.08
INT_02921,CUST_0059,CAMP_002,2026-02-13,0,0,122.82
INT_02922,CUST_0012,CAMP_003,2024-11-02,1,1,4.37
INT_02923,CUST_0435,CAMP_004,2024-08-27,1,0,427.7
INT_02924,CUST_0176,CAMP_009,2026-03-09,1,0,383.17
INT_02925,CUST_0332,CAMP_008,2024-07-01,1,1,256.62
INT_02926,CUST_0056,CAMP_009,2025-06-25,0,0,10.36
INT_02927,CUST_0347,CAMP_001,2026-05-28,0,0,252.25
INT_02928,CUST_0410,CAMP_001,2025-06-19,0,0,28.43
INT_02929,CUST_0085,CAMP_004,2024-10-31,1,0,67.47
INT_02930,CUST_0477,CAMP_009,2025-08-11,0,0,24.17
INT_02931,CUST_0380,CAMP_005,2025-01-11,1,0,77.95
INT_02932,CUST_0125,CAMP_006,2025-02-11,1,1,66.15
INT_02933,CUST_0265,CAMP_008,2026-05-06,0,0,430.84
INT_02934,CUST_0090,CAMP_007,2025-06-04,0,0,417.14
INT_02935,CUST_0283,CAMP_003,2026-04-29,0,0,286.93
INT_02936,CUST_0082,CAMP_001,2026-05-22,0,1,139.64
INT_02937,CUST_0170,CAMP_006,2025-10-27,0,0,122.89
INT_02938,CUST_0287,CAMP_006,2026-04-05,1,0,87.57
INT_02939,CUST_0219,CAMP_006,2024-07-09,0,0,54.94
INT_02940,CUST_0491,CAMP_005,2025-12-22,1,0,124.11
INT_02941,CUST_0237,CAMP_004,2025-03-30,0,0,320.07
INT_02942,CUST_0119,CAMP_009,2026-05-28,0,0,377.26
INT_02943,CUST_0409,CAMP_005,2024-10-24,0,0,33.54
INT_02944,CUST_0208,CAMP_001,2025-04-26,1,0,188.71
INT_02945,CUST_0323,CAMP_005,2025-02-26,0,0,0.29
INT_02946,CUST_0095,CAMP_007,2026-03-26,1,1,230.39
INT_02947,CUST_0096,CAMP_001,2024-07-24,1,0,399.42
INT_02948,CUST_0328,CAMP_009,2025-03-28,0,0,338.76
INT_02949,CUST_0337,CAMP_005,2024-11-18,0,1,197.51
INT_02950,CUST_0222,CAMP_004,2025-04-22,0,0,270.73
INT_02951,CUST_0203,CAMP_003,2024-07-02,0,0,201.95
INT_02952,CUST_0015,CAMP_006,2025-01-06,1,0,262.53
INT_02953,CUST_0378,CAMP_007,2024-12-19,0,0,481.05
INT_02954,CUST_0315,CAMP_003,2024-06-30,0,0,471.64
INT_02955,CUST_0453,CAMP_002,2026-01-10,1,0,176.97
INT_02956,CUST_0102,CAMP_007,2025-12-08,1,0,302.76
INT_02957,CUST_0231,CAMP_009,2025-08-08,1,0,359.18
INT_02958,CUST_0304,CAMP_010,2024-10-12,0,0,374.67
INT_02959,CUST_0220,CAMP_004,2026-01-21,0,0,375.82
INT_02960,CUST_0200,CAMP_007,2025-05-01,0,0,261.74
INT_02961,CUST_0003,CAMP_004,2025-06-02,1,1,203.84
INT_02962,CUST_0361,CAMP_010,2025-10-03,0,0,251.58
INT_02963,CUST_0110,CAMP_003,2025-02-15,0,0,249.86
INT_02964,CUST_0106,CAMP_007,2024-11-23,1,1,402.42
INT_02965,CUST_0143,CAMP_005,2025-03-30,0,0,103.45
INT_02966,CUST_0386,CAMP_010,2025-01-17,0,0,299.9
INT_02967,CUST_0361,CAMP_006,2026-05-16,0,0,183.75
INT_02968,CUST_0415,CAMP_008,2025-06-12,0,0,149.22
INT_02969,CUST_0408,CAMP_009,2024-12-29,1,0,302.2
INT_02970,CUST_0033,CAMP_003,2025-06-09,0,0,206.21
INT_02971,CUST_0296,CAMP_004,2025-08-31,0,0,187.97
INT_02972,CUST_0053,CAMP_003,2025-06-19,1,0,186.81
INT_02973,CUST_0410,CAMP_010,2025-12-18,0,0,157.27
INT_02974,CUST_0447,CAMP_009,2025-12-13,0,1,99.35
INT_02975,CUST_0275,CAMP_004,2024-11-03,0,0,8.02
INT_02976,CUST_0096,CAMP_003,2025-07-23,0,0,217.77
INT_02977,CUST_0188,CAMP_005,2024-07-07,0,0,319.23
INT_02978,CUST_0167,CAMP_009,2024-09-19,0,0,73.59
INT_02979,CUST_0101,CAMP_003,2025-04-25,0,0,432.6
INT_02980,CUST_0235,CAMP_007,2024-07-12,1,1,395.26
INT_02981,CUST_0059,CAMP_003,2026-02-12,0,1,374.61
INT_02982,CUST_0135,CAMP_010,2024-10-24,1,1,324.54
INT_02983,CUST_0344,CAMP_003,2025-06-19,1,0,150.99
INT_02984,CUST_0442,CAMP_006,2024-06-17,0,0,122.25
INT_02985,CUST_0251,CAMP_002,2024-07-03,0,0,8.19
INT_02986,CUST_0271,CAMP_009,2024-12-29,1,0,113.54
INT_02987,CUST_0495,CAMP_009,2025-12-15,1,1,219.51
INT_02988,CUST_0328,CAMP_002,2025-08-21,0,1,243.39
INT_02989,CUST_0161,CAMP_003,2026-04-07,0,1,233.17
INT_02990,CUST_0306,CAMP_006,2025-10-13,0,1,232.6
INT_02991,CUST_0199,CAMP_003,2026-05-15,0,0,441.19
INT_02992,CUST_0313,CAMP_001,2025-03-31,1,0,231.65
INT_02993,CUST_0201,CAMP_006,2025-01-28,1,0,207.9
INT_02994,CUST_0301,CAMP_007,2025-02-12,0,0,25.67
INT_02995,CUST_0059,CAMP_007,2025-09-02,0,0,473.86
INT_02996,CUST_0179,CAMP_005,2026-04-28,1,0,448.52
INT_02997,CUST_0181,CAMP_008,2024-07-08,1,0,461.37
INT_02998,CUST_0433,CAMP_005,2024-09-05,0,0,147.71
INT_02999,CUST_0235,CAMP_003,2026-05-29,1,1,26.56
INT_03000,CUST_0317,CAMP_004,2024-09-02,0,1,232.54
